tweet_text,sentiment
I am very upset about and inconvenienced by this iphone update failed backup. @iphone @apple,negative
Hinweis: Linkbuilding Kurs kostenlos  http://t.co/pwldYXVE #google,irrelevant
"@flambypaymie ok lang haha. ganun pa din naman e, kamustahan lang saka kausap dito sa #Twitter :))",irrelevant
http://t.co/gAPEyL5N #Harmonix #Microsoft,neutral
RT @Yvandavid: Que lo mataron por #Twitter ya RT @Yonopienso_: ¿Que le paso a Osmel?xD.,irrelevant
Bienvenida a #twitter @adyalessio asi q @christianstraw @afetati @Zul3Rivera den #Follow please!! X q hubo un error d dedo hace un rato!!,irrelevant
#Google & Samsung announced their (hopeful) rebuttal to iPhone 4S tonight... site shows nice specs but no carriers yet. http://t.co/Z8SDgUT9,neutral
Awwwwr me encanta #Twitter porque por este medio desquito todo mis corajes,irrelevant
RT @VentureBeat: #Ballmer: “We’ve picked our play” in #social with #Skype deal http://t.co/03IHBOgj #microsoft #xbox #in,neutral
Three UK to carry Samsung Galaxy Nexus http://t.co/SwvAcbxC  #android #google,neutral
"Stay young, stay foolish. But take ownership when u f*ck up, don't complain, and never give up. #resilience @apple",neutral
That was good but when is it coming out? What carriers? What pricepoints? #android #google,neutral
"#Termine am 20. Oktober ++ #ADVA, #Nokia und #Microsoft öffnen ihre Bücher http://t.co/aoZoNUKf",irrelevant
#Microsoft lanza sitio oficial de #Skype http://t.co/c3kGqpyR #JeryTecnologias #tecnología,irrelevant
[WebProNews Finance] #Yahoo Revenue Drop Attributed to #Microsoft Deal http://t.co/EOrOSstX,negative
Good luck to #CPG team RT @MindTree_PR: #MindTree Introduces mPromo #TradePromotion Solution on #Microsoft #Azure http://t.co/aTNnITtt  #CGT,neutral
#HTC Arrive #Windows Phone (#Sprint) Review http://t.co/CdkPyjZV #windowsphone7 #xboxlive #mobile #cdma #microsoft,neutral
"Thinking more, I want Android to do an iMessage service & for @Google & @Apple to interconnect. They would if the cared about their users.",neutral
RT @LCmediaHouse: #Google vs Facebook: Get the Whole Picture for Your Marketing http://t.co/tm2xaijB  #SocialMedia,neutral
"Big mo: In one week, @Apple #iCloud hits 20M users; 25M use #iOS 5 http://t.co/HTpUTBFK via @cnet",neutral
Buenas noches #twitter,irrelevant
"#HPVirtualSystem for #Microsoft, latest from the $250 million I2A initiative #HPCI #cloudcomputing http://t.co/yx1R3WsX",neutral
enjoy  #Twitter Buzz Builds for the #Occupy_Wall_Street Movement [CHARTS] http://t.co/vKjwATSr great,neutral
RT @twandroid Prise de photo quasi instantannée #ouaaaaaaahhhhh #google #nexusprime,irrelevant
"Para todos los androides, he aquí la nueva bestia de #Google! El #GalaxyNexus http://t.co/oUTER1n4",irrelevant
Tja steve als het te #moeilijk voor je wordt kun je maar beter stoppen #microsoft #fail #enjekomttelaatmetjetoestel http://t.co/0IBnA2aV,irrelevant
#Microsoft #Research y la Universidad #Carnegie #Mellon desarrollan  #OmniTouch basado en #Kinect http://t.co/y2QzUjM7 #fb,irrelevant
Para el que le interese saber las características del nuevo cel que me compraré http://t.co/4JjjCqdJ El #galaxynexus de #google,irrelevant
"@Apple please put the Tab button back in Pages for iPad. That hold my finger down, wait for the insert tab, then touch that for the tab. SMH",neutral
RT @imightbewrong: I'm OVER people bitching about the #iPhone4S... I think it's the smartest phone I've ever had and I'm very happy.   : ...,positive
Mooie mogelijkheden met #Microsoft Surface. Volgende stap: concept naar consument? http://t.co/qnqj5Ho0,irrelevant
@JakeDizzleWins We Need To Speak Sum Real Shit On #Twitter,neutral
"Ha! The demo fail is still resonating.. Kinda funny, but on a global scale. Cool feature, though! #android #google #galaxynexus",neutral
Google Fr #Google #earth #pro: Avez-vous déjà essayé Google Earth Pro? Google Earth dispose… http://t.co/Ezqlmq4T,irrelevant
Sunaa karo merii jaan in se un se afsaane / sab ajnabi hain yahaan kaun kis ko pehchane #Kaifi #Shair #Twitter,irrelevant
"Rumor: New screen sizes, specs coming to Windows Phones #windowsphone #microsoft http://t.co/Ja9sEesh #neowin",neutral
"""@julioeffio: @chriseffio yo juraba que te habian hackeado el #Twitter ...TODO fue tan #minipandi"" @julioeffio love u! ♥",irrelevant
RT @g123k: #kikitoutdur devant ICS #google #nexusprime,irrelevant
@christianortizh ps tiene pedos y la neta lo entiendo sabes?.. Y luego yo contandolo en el #Twitter #noesdedios,irrelevant
#Google Google Event: Ice Cream Sandwich (Caschys Blog): ... Widgets lassen sich jetzt auch unter [...] XING-Pro... http://t.co/Ozqy3UG4,irrelevant
in the theater .. there are are a good 300 ppl here. #guae #google #dubai http://t.co/OjykYcfo,neutral
"Clarence Thomas must have designed the new OSX lion, tossing decades of workflow standards, @apple bring back “save as”! #autoSaveSucks",negative
RT @aplusk: Sending love & light to everyone @Apple & the entire Jobs family.Today we lost a Giant who will be missed even by those who  ...,neutral
RT @WinBetaDotOrg: Microsoft giving away free Windows Phones with a $499 purchase http://t.co/K2qYY9ex #Microsoft #Windows_Phone,neutral
o sea primera vez que @carlo_patricio me da reply y a #TWITTER se le ocurre borrarlo? #Carajamadre! :(,irrelevant
#Siri I could have done with out its not that great #iPhone4S I hear the #iPhone5 is coming out #2013 @apple.inc,neutral
Thanks for the #follow don't forget to add us to your #Twitter list,neutral
"These cos are worth billions: @Apple, @Facebook @Google & @Amazon and they are battling for consumers  http://t.co/4WxPCH9h via @fastcompany",neutral
#Microsoft Turns Your Body Into A Touchscreen @PSFK: http://t.co/GMT9sLfN via @AddThis,neutral
#twitter off buenas noches:$,irrelevant
"Seeking a Manager of IT for Immediate Hire in Sterling, VA! Send resumes to julia.snik@rht.com for consideration! #dcjobs #cisco #microsoft",neutral
#google Unwrapping Ice Cream Sandwich on the Galaxy Nexus http://t.co/Ac8JPjPK,neutral
Steve Ballmer slams Android #microsoft #steveballmer http://t.co/rVTTHD7P,neutral
Op weg 020 meeting #microsoft. Ben benieuwd naar stavaza MD traject people managers. Morgen vlieg ik USA voor reünie Class '86!!,irrelevant
"RT @mashable: #Microsoft CEO Steve Ballmer on Not Buying #Yahoo: ""Sometimes, You're Lucky"" - http://t.co/afWazWOy",neutral
kreo ke mi aniversario en el #twitter es el 24 de Dic. :O,irrelevant
RT @rickholgate: Packed session on @Apple and @Google at #GartnerSYM. Indicator of today's mindshare?,neutral
Reading: Android 4.0 'Ice Cream Sandwich' Features Announced By Google (HuffPost- Oct.18) #google http://t.co/wmqNPcLV,neutral
@dwtalker that's some tough competition right there http://t.co/XP9LhjpR #TechWar #Google #Facebook #Apple #Amazon,neutral
On Google+ then go here http://t.co/AwDFxDcI #GPlus #Googleplus #Google #teamfollowback #socialnetwork,neutral
The takeaway from the @Apple earnings call?  Even Apple needs a new iPhone release every 12 months to stay competitive. cc: @hblodget,neutral
Cool!! #google #win RT: @a1arte: Google y Samsung lanzan oficialmente el Galaxy Nexus con Android Ice Cream Sandwich http://t.co/kE0dFNQL,irrelevant
"@Apple, #iOS5 on iPhone2 causes Camera apperature dilation problems & freeze.",negative
"iPhone 4 S now RESERVATION only, if you want to buy it in an @apple store tomorrow you have to reserve online after 9pm tonight",neutral
"@Mommy_gaga, #Win an @Apple iPod Touch @Mommy_gaga, get the @Pampers Hello World Baby Memories App! http://t.co/qEATNMpI #PampersHelloApps",neutral
Put your twitter on autopilot and let it gain followers for you!! http://t.co/hze1TqAl #TeamFollowBack #Twitter #autopilot #1000aday 10,neutral
Ahora el #Facebook Imita al #Msn y #Twitter :/,irrelevant
#droidtweak #Video: #IceCreamSandwich on the #GalaxyNexus http://t.co/vBcl0OzP #googlephone #nexus1 #NexusS #google,neutral
New #snom Webinar Nov. 2: Accelerate #Microsoft #Lync Deployments with snom #UC. Register here http://t.co/B1pr1kIX #VARs #phones,neutral
@cnbcfastmomey what price should I sell @apple for,neutral
#GalaxyNexus es presentado oficialmente. http://t.co/dwUWIYWC | Conoce los detalles del nuevo teléfono de #Google,irrelevant
been using #microsoft @office for years? well here are some tips to be more efficient that even you might not know! http://t.co/HnXvwypp,neutral
Bueno... #twitter OFF ! .... Mañanaa a casa ensamble con @NatiiGutiierrez & @pinkangel_26. :D !! Bona Noche ♥ :),irrelevant
Bedtime good night #twitter #goodnightworld,neutral
Los Dias Que Entre a #Twitter Pondre Siempre Tweets! Para el Ser Que Mas Amo ! Es Que Es Lo Mas Bonito De Mi Vida y Tierno #TeAmoMamita!,irrelevant
@eboyee S tim da http://t.co/hX21e1JK daje Server Error :)  #Google #IceCreamSandwich,neutral
#Microsoft Lync crash issue on #Mac OS X 10.7.2 [Fixed] - http://t.co/rzucFejc,negative
Handling Multi-touch and Mouse Input in All Browsers http://t.co/duK6ze2G #microsoft #ie,neutral
now watching live stream of  #Google new mobile #Nexus,neutral
VolviiendoO Ah #Twitter .! haha Diios Les Bendiiga,irrelevant
New Galaxy Nexus: App Improvements -  New People App to improve contact information #nexus #samsung #google #android bit.ly/nEJbyE,neutral
"Wie ist es #Apple gelungen, seinen größten Rivalen #Microsoft endgültig abzuhängen? Der @guardian erklärt's http://t.co/yE6lT3Bo (CvD)",irrelevant
Going to the @apple store today to get this laptop situation figured out,neutral
RT @jcmwright: Would love to hear from other small colleges who went #Google recently. Particularly interested in the learning tech prep ...,neutral
Is Google planning to launch its own iTunes rival? - The Times of India http://t.co/1x73o5Yz #google,neutral
RT @E2EVC: #Microsoft #SCVMM #2012- Session by @virtualfat - all u need to know about the new 2012 version. #e2evc Register http://t.co/ ...,neutral
"#Google confirms #Nexus S will get #Ice_Cream_Sandwich -- for real this time (#Gingerbread devices, too) http://t.co/RajAK9P2",neutral
Samsung and #Google Announce Galaxy Nexus and #Android 4.0–Ice Cream Sandwich http://t.co/g6EOfUYY #news #android40,neutral
#Android #Google Android Beam finally makes NFC social http://t.co/P9PMpCFl #DhilipSiva,neutral
Le panorama est très sympa et peut être coupé à tout moment #google #nexusprime,irrelevant
"Amazes me, I set up a #GMail address and have yet to use it even once and it's getting a ton of spam #Google",neutral
as indiretaa ta solta hoje nesse #twitter UAHSUAHSUASA' E SO PRA ELA S2,irrelevant
Surfactants pdf ebook:  http://t.co/mnPp2jjm #google,irrelevant
@philipgrey @apple it's kinda sad that's the most relevant tweet I've seen today. Or kinda awesome. I'm not sure. #DevProblems,neutral
RT @JoelCardozo: #Microsoft en el futuro: #Kinect y su tecnología avanzada http://t.co/JOVFeZRl,irrelevant
#twitter keeps me from sleeping! #soaddicted,neutral
coming back soon!!!! #twitter...,neutral
The four American companies that have come to define 21st-century on the verge of war. @Amazon @Apple @Facebook and @G…http://t.co/PxUlr5dw,neutral
Now it's time for some Ice Cream Sandwich! #Samsung launched it's latest Android Galaxy Nexus phone powered by #Google,neutral
RT @OliPalko: RT @ishpconsult Der langsame Tod von SEO #Google -Suche  für eingeloggte User verschlüsselt - http://t.co/SSdxjoWd,irrelevant
"#Android #Google We saw Ice Cream Sandwich on a Phone, but What About a Tablet? http://t.co/6McjpONv #DhilipSiva",neutral
I really dnt like to #follow people who never on #twitter,neutral
Terug van evaluatie learning circles bij #microsoft onder bezielend leiderschap van @saskianijs. Veel geleerd van deze co-creatie!,irrelevant
oh and prolly ganna be late to work bc @apple has screwed me and my phone has my only alarm on it,negative
#Google WebGL Bookcase: Google WebGL Bookcase. Google developed a WebGL app that shows a 3D model of a bookcase ... http://t.co/y8HC6kzB,neutral
#TweetDeck y #Google+ no están hechos para convivir en armonía.. Las notificaciones aparecen del mismo lado.. =/ Es ver esas o las de face..,irrelevant
The most important KPIs in #Google #Analytics: http://t.co/uUzhIMGv #marketing #webmaster,neutral
Add me to your circles on #Google+,neutral
iPhone 4S 8MP camera : It´s a SONY. http://t.co/njTHOi2x @sony @apple #apple #iphone4S #cameras,neutral
@apple in Austin:  domain location - umbrellas are nice but being staffed properly would be better.,neutral
Wowww | Can watching #Twitter trends help predict the future? http://t.co/2bRzlsGc via @zite,neutral
"@sundaaay ja installera om appen så hoppas de räcker 

#Twitter / @twitter pleas fix the app! Can't se mentions! And DM:s",irrelevant
@KylisInATL HEY! Get Back On #Twitter :-),neutral
@pimentta_qzl  kkkkatat  agora  ame maais  eu amo um tantão que não cabe nesse post do #twitter ...,irrelevant
Buenas Noches a Todos!!! Llego mi momento. Momento #Twitter de reflexiones y analisis. Pensamientos encontrados en lo profundo de la noche.,irrelevant
Big Data and the Cloud - More Hype or a Real Workload? http://t.co/WA0bP7Mx #azure #hpc #microsoft,neutral
Tinha Esquecido Do #Twitter Ç.Ç Nunca Fiz Isso !Rsrsrs,irrelevant
#Patent Wars: #Google vs. #Samsung vs. #Apple vs. #Motorola vs. #Microsoft vs. #Oracle -  http://t.co/PjxURwrp,neutral
Terminaux Windows 8 empêchant d'installer Linux : la polémique enfle http://t.co/WIBbwi5t #Microsoft,irrelevant
"#Google, #Samsung Add ’Ice Cream Sandwich’ Phone http://t.co/oOdugpqG $AAPL $GOOG #hitech #gadgets #mkt #digital",neutral
My phone would stay charged if I didnt have #twitter,neutral
#Microsoft delivers developer preview of Roslyn compiler as a service http://t.co/5yup4iMK,neutral
Chrome Experiment - WebGL Bookcase - http://t.co/1GNsOwmu #Google,neutral
"RT @iphone4S_nerd: #Microsoft’s Ballmer: Android phones are boring, overcomplicated http://t.co/xyM8fxD0 via @BGR",neutral
"vo sair daki do #twitter já :) só vo ver uns videos aki , e já to indo ,",irrelevant
#Pearson and #Google take advantage of the profound lack of LMS PD with their new offering http://t.co/4RsRDU4G Also do not do reporting,neutral
RT @NeowinFeed: Microsoft Stores offer up free Windows Phone 7 devices #microsoft #microsoftstores http://t.co/hJ8qlOC9 #neowin,neutral
"RT @dansaap: At the #VMworld party, looks good but I wonder who are the better dancers; #VMware or #Microsoft employees! ;-)",neutral
#Digital : Google en Twitter komen niet tot een overeenkomst voor realtime-zoekdiensten - ...  #de #google #en http://t.co/cFmZOejW,irrelevant
@Apple's Steve Jobs Gets His Day | PCWorld http://t.co/6gT6w2Od,neutral
#twitter Off a dormir para no pensar en ti!,irrelevant
#microsoft inizia a creare un ponte tra il digitale e la fisica. Incredibile. http://t.co/9yZ1vU5f,irrelevant
Todavía existe #Google+ ?,irrelevant
RT @JhonAlexGarciaA: MI NOVIA Y COSTUMBRE DE DEJARME DE SEGUIR EN #TWITTER JAJJAA,irrelevant
RT @CBM: Lies @apple. the battery on this new iPhone4S is definitely not any better.,negative
@alegarcia001. Feliz aniversario !!! Que sean muy felices juntos y que cumplan muchos años mas !!!! Jajaja #twitter,irrelevant
RT @katebetts: Another great James Stewart story in today's NY Times about importance of architecture in @apple retail success http://t. ...,positive
#Google has been released #Android 4.0 platform http://t.co/mvdCD0v8,neutral
I'm on day 80-something of my Xbox LIVE acct being hacked. This is worse than PSN hack. Will I ever get it back? #Microsoft #Xbox #Fail,negative
"RT @MSAnyWhere: Microsoft opens the spigot, Windows Phone Mango available to all #microsoft #windowsphone http://t.co/Fpv2yDof #microsoft",neutral
How do you get pink eye? #Google #autocomplete,neutral
#Microsoft news: #SQLServer licensing will be different from december2011 | #Office365 and #Azure will be available in #Algeria in 2013,neutral
"#Job #ICT Sachbearbeiter Immobilienbewirtschaftung (m/w): Gfeller Treuhand und Verwaltungs AG, Dübendorf http://t.co/9ZrHM9sa #Microsoft #IT",irrelevant
#Bill_Gates llamado a declarar por un antiguo caso de monopolio contra #Microsoft http://t.co/JVPtsfzz,irrelevant
"http://t.co/RqjtztR3 // muy buen experimento de #google, la cago :D, #webgl la lleva",irrelevant
Club CALUMO was FUN!  See the vidio CALUMO Blog #Denali #Microsoft #SQLServer http://t.co/8THqSRBd via @calumo,neutral
"@allyfish87 leaning that way for battery. Have #Microsoft xbox, media pc and zune so would a Droid fit better? #idk thanks tho :)",neutral
«@BigBellyBigCuz RT @Free_Nuttball #fuckyoumean #Pittsburgh don't got the best #twitter.»,neutral
RT @AppSense: “@Simon_townsend: #Microsoft tests and proves #AppSense enterprise scalability! 78K users on one personalization DB - http ...,neutral
The battle of voice controlled AI platforms. If they were mobile OS ind - same q's as in IE antitrust case in EU? Vlingo v @google v @apple,neutral
"Will the #Galaxy #Nexus be coming to #Sprint? No mention of price, carriers, or source release for ICS. Give us those info #Google!",neutral
no entiendo como con lo ingenioso que soy en twitter tengo tan pocos followers. posta #demasiadoego #twitter #stevejobs,irrelevant
Great hardware and great new version of Android. I want it now. API is available now at least. #Google #Android #ICS #Development,neutral
Using a #Touchscreen Through Your Pocket Made Possible by #Microsoft #PocketTouch: Have you… http://t.co/PJpFeyTF,neutral
#Google confirms #Nexus S will get Ice Cream Sandwich -- for real this time (#Gingerbread… http://t.co/vIoR326D,neutral
"RT @techinciter: Open Letter: Steve Ballmer, Please Retire - Forbes - Please retweet! #MSFT needs a techie leader. http://t.co/E8uMRmro  ...",neutral
"Domani a #SMAU con #Microsoft si parla di HTML5, #Kinect SDK, #WebMatrix, Private #Cloud e ci sono i lab su #Azure, http://t.co/Et5Lw9uF",irrelevant
#Apple vs #Microsoft: Two Opposite Approaches to Building an OS http://t.co/ZAMoDZ9O #Windows8 #OSX #iOS5,neutral
"#Siri on @Apple #iPhone4S can allow unauthorized access to texts and emails, even when the phone is locked!! http://t.co/0q5dLt22",neutral
@Apple's Success is Also #Google's Gain as #Mobile #Advertising Balloons http://t.co/0400ynQY,neutral
RT @adamnash: The takeaway from the @Apple earnings call?  Even Apple needs a new iPhone release every 12 months to stay competitive. cc ...,neutral
#Google (and #Twitter ) get ready for the debut of #IceCreamSandwich http://t.co/T36KZ6gf,neutral
Watch short video on #Microsoft #Lync End User Adoption. A practical solution for users http://t.co/Qpk5DHEn #ITPro #UCOMS #OCS #WhyMSFT,neutral
#Google #Nexus press conference http://t.co/2WV01o5v #slick,positive
Hopefully only a few weeks until #ICS is on my Nexus S 4G! #Google #Samsung #IceCreamSandwich #Android4,neutral
Google To Begin Encrypting Searches & Outbound Clicks By Default With SSL Search http://t.co/C0Ykfjla #google #search,neutral
@DaniWeb MS business intelligence development studio. Where u create SSRS reports and SSIS packages. Wonderful world of #microsoft :),neutral
"RT @HaendelBalzora: dear @apple please invent ""FaceTime Voicemails."" sincerely, haendel balzora jr. #apple",neutral
"#Samsung Galaxy Nexus #smartphone, Android 4.0 Ice Cream Sandwich unveiled by #Google… http://t.co/nds5B4ej #BT",neutral
"""#Win an @Apple iPod Touch from @Mommy_gaga, get the @Pampers Hello World Baby Memories App! http://t.co/DLLabuAK #PampersHelloApps""",neutral
#google #icecream #galaxy #nexus http://t.co/gkoHBpN8,neutral
Meu #Deus ilumine aqueles que eu amo: @mayaraangelica @andreeybaltieri @Amandafl_ e o @FabrcioCamargo os meus amigos d #TWITTER :),irrelevant
Andy Malone na #mssinergija keynoteu vodi prisutne kroz #microsoft istoriju: http://t.co/OIQFwJ4f,irrelevant
#google Google anuncia Galaxy Nexus com Android 4.0 http://t.co/WplTBVS3 http://t.co/WsfevVd4,irrelevant
#TeamFollowBack #TFB #MustFollow #MF #FollowNow #FN #FollowFriday #FF #IFB #Twitter #Follow @Only1DeejayER &lt;&lt; oooh DAMN nice pic!!! #Ladies,irrelevant
@msleamichele @NayaRivera @DiannaAgron @MsAmberPRiley please could u somehow convince #hemo to join #twitter we need her awesomeness!! #glee,neutral
Agora vou tentar dormi Game Over #Twitter #Facebook,irrelevant
"Gentle Ballmer meekly suggests the competition is doomed - #Microsoft is winning, winning, winning!: http://t.co/7ntP5MS1 via @thetecheye",neutral
if @apple does not resolve the #Siri network issues they will need to rename a great product to Sorri - Who else is having issues?,negative
Gibt es nun auch Sicherheitslücken bei #Microsoft? Mehrere Seiten berichten über gehackte Xbox-Live-Accounts: http://t.co/4GZ6fVkU #xbox,irrelevant
Finally off to bed..Nighty night #twitter world!,neutral
"RT @SharonHayes: Top 50 #Twitter Acronyms, Abbreviations and Initialisms http://t.co/EQGBHNq6  /via @ruhanirabin",neutral
"@apple y u run out of 64gb iPhone!? Now I have to settle for 32gb. Saved 100$ though(:
#content",neutral
Cool Infographic: Perks working for the big techs like #Google & #Facebook | http://t.co/lNEgf7Kn,neutral
Calling All #IceCreamSandwich Lovers | #Google & #Samsung Like in Hong Kong - A new look at what's new from Android http://t.co/DGGsNOh2,neutral
閉鎖じゃなくて、そっくりストリームに反映できるようにしてくれるとありがたいんだけどな〜。&gt;&gt; グーグル、「Google Buzz」を閉鎖--「Google+」への完全 http://t.co/mOfsDfFq  #google #buzz,irrelevant
"Google Offers to compete with Groupon, Living Social - Pittsburgh Post-Gazette http://t.co/Wwj3xvdm #google",neutral
@VSLive What is up with #ATT at #Microsoft?  Full bars in one building and no service in another only 1000 or so feet away?  #vslive,neutral
Dear @apple My new Air is now a notbook since your update killed #wifi #bug #destroying #productivity,negative
"Querida @mamá, te escribo esta #carta para dejarte tranquila, no estoy todo el tiempo en #Twitter. Fav para papá y un RT para ti.",irrelevant
#Microsoft Works Suite 2003 Review http://t.co/Yie1rSSz #windowsxphomesoftware #officesuites #family,neutral
#Microsoft #Cloud windows+server - RT @WesleyBackelant: Announcing the Microsoft ...: WindowsAzure : @Wesle... http://t.co/NaPViOT8 #TCN,neutral
RT @social_net_info: みんなでつくるTwitter連動型結婚式ムービーサービス「Congratweet（コングラッツイート）」:  http://t.co/9osWU51e #Twitter,irrelevant
RT......zZzZzZzZzZzZzZzZzZzZ...... #Twitter off,neutral
Nite #twitter,neutral
#twitter #detik Ketua Dewan Adat Papua Jadi Tersangka Kasus Makar http://t.co/Jzqi1JUI,irrelevant
#Android #Google Need Proof of Verizon’s Galaxy Nexus? http://t.co/jcP7bkvg #DhilipSiva,neutral
Rocksmith: #Rocksmith  #Rocksmith http://t.co/JNS1oEZN #google #youtube,irrelevant
"http://t.co/EMS9iU2E &lt;-- en je moet nog technischer zijn om Windows stabiel te krijgen, Pikkie Balmer! #microsoft #dommemensen",irrelevant
"We're one of a few ""Featured Education Apps"" on the @Apple **Website** today, sweet! http://t.co/0yWvbe1Z",positive
@CoLDSToRAGE Haven't had a chance to check out the #android overhaul but ebooks are likely a response to @apple newsstand baked into #iOS5,neutral
@Apple Not Likely to Win Appstore Suit Case Against @Amazon http://t.co/GNcDGQsc,neutral
I promise this iPhone been at 1% battery for the last 3 hours. I see you @apple.,neutral
#ICS et #Google une communauté à votre service !,irrelevant
RT @jeffbullas: What Is A #Facebook “Like” Worth For Your Business? http://t.co/BsT25W2u #SMM #SocialMedia #Twitter,neutral
"Why @Apple so valuable, good analysis of trended profits, iOS vs. Microsoft: Comparing the bottom lines  http://t.co/k9qst4R4 via @asymco",neutral
@teggyboy00 oh wow lmao thank no wonder why no one answered me !! addicted #twitter,neutral
RT @/iPadPowerUsers-On Google+ then go here http://t.co/tMGHv24E #GPlus #Googleplus #Google #teamfollowback #socialnetwork,neutral
"RT @microsoftfrance: Cette année encore, #Microsoft remporte le prix du meilleur Service Client 2012 http://t.co/vWHpxkVP",irrelevant
@maffkilleritta #twitter se puso de nena y no me dejaba contestar,irrelevant
Good Morning #Twitter! Have a nice day. :},neutral
Love #ios5 Easter eggs. Pull down from middle top to bottom and see what pulls down. Awesome little feature! @apple #lovemyiphone,positive
Ella dice que yo soy su Niño del #Twitter *-----*,irrelevant
Fullscreen überall nur der #AppStore hat keine Option dafür. Warum? @apple,irrelevant
RT @EcommNewsUpdate Steve Yegge's Google Plus Rant - Google's Pathetic Afterthought http://t.co/4Tt5OsvN #blog #facebook #google #googleplus,neutral
#Samsung #NexusPrime esta wwwaaooooo y con #IceCreamSandwich superior @samsungpty buena presentación #Android #Google,irrelevant
"Interesting read on war b/w @Apple & @Samsung- http://t.co/Vt9d24Yi -using latter, agree lack of innovation, but better specs at same price!",neutral
iPhone 4S: Setup SIRI for your Tweets. http://t.co/uecqHL6k @apple #apple #iphone #siri,neutral
#stupid fucking #Twitter #Twitterapp give me my Damn #mentions NOOWWWWWW!!!!! UGH! #DRAWLIN AS ALWAYS #TMW #PROMOALLDAY #FOLLOWLIMITISGAY TO,negative
Salut les twittos! Un petit résumé de cet conf' ? :) #ICS #GOOGLE,irrelevant
@_Pao92 ah bueno!!! jeje ta bn... ps aqui #fb y #twitter . jeje x cierto ya no me sta siguiendo vdd?? :'( ahorita vi mis seguidores y no sta,irrelevant
#Google y #Samsung lanzan oficialmente el #GalaxyNexus con #Android #IceCreamSandwich. http://t.co/N0yIucDw,irrelevant
RT @codebit_org: Halo: Combat Evolved Anniversary #Microsoft explica cómo funcionarán el remake de #Halo y #Kinect http://t.co/moc3ofex,irrelevant
El live stream del server de IPN esta over capacity por @SoytuFan_mx no la caguen si no es #twitter,irrelevant
GALAXY NEXUS SC-04D | NTTドコモ 2011-2012冬春モデル http://t.co/hOqa4eRq #android #google #docomo,irrelevant
me re copè con #twitter,irrelevant
Steve Jobs Biopic Coming Soon - @Apple #Apple #SteveJobs http://t.co/DxZBa5bG,neutral
"Microsoft CEO says company got ""lucky"" when Yahoo deal fell apart #microsoft #steveballmer http://t.co/8fxt1ef8 #microsoft",neutral
3 Tricks für mehr Kontrolle über #Microsoft #Windows 7 -http://j.mp/mSOETz #hack,irrelevant
RT @anfisabreus Как настроить кросспостинг комментариев с блога на Твиттер http://t.co/6DLxWIlU #twitter,irrelevant
@PorzelinCako jaja yo tmb esoy como @maffer_rdz como no tengo ni perro ps minimo #Twitter jaja,irrelevant
Only thing bad about the new @canon camera is that it has two compact flash cards... not one of SD. SD goes in my @apple computer. Damn you!,negative
"(High-tech)- Demain sur LNT: ""#Microsoft s'implique dans le développement socioéconomique"" par @Joumany #twitoma #IT #blogoma",irrelevant
Packed session on @Apple and @Google at #GartnerSYM. Indicator of today's mindshare?,neutral
Prise de photo quasi instantannée #ouaaaaaaahhhhh #google #nexusprime,irrelevant
Microsoft CEO Looks Ahead at Social and Mobile Plans http://t.co/KFwQ8r4T #Technology #Microsoft #Nokia,neutral
"RT @twandroid: Consommation data affichée dans les paramètres, avec même une approximation de la consommation future !#google #nexusprime",irrelevant
Why doesn't the Genius have songs for Watch the Throne yet? HUH? @APPLE ?????,neutral
Put your twitter on autopilot and let it gain followers for you!! http://t.co/hze1TqAl #TeamFollowBack #Twitter #autopilot #1000aday 13,neutral
#Google confirms that the Nexus S will actually get the ice cream sandwich update.,neutral
uff... así con el #twitter... nada que hacer al respecto #anoquesociólogo,irrelevant
"#Win an @Apple iPod Touch from @Mommy_gaga, get the @Pampers Hello World Baby Memories App! http://t.co/fnbKNwmj #PampersHelloApps Ends10/21",neutral
Impressive service @apple genius bar metro centre. Power cable replaced free n booked in for screen replacement for free :- D,positive
Asked siri is she dreams of electric sleep. Was disappointed that she didn't have a snippy answer.  Missed opportunity @apple,negative
He asked Siri where's the hoes at & she told him where the nearest escorts were I love @apple,neutral
#stage #Toulouse #Microsoft #net #SuperBoîte #Win8 #geeks = http://t.co/7UHSLQII (Please RT ;),neutral
On Google+ then go here http://t.co/oTBwkxo9 #GPlus #Googleplus #Google #teamfollowback #socialnetwork,neutral
#Microsoft lanza sitio oficial de #Skype http://t.co/07OjctNj,irrelevant
@HTC vs @Apple who winning,neutral
Tendremos nueva interfaz de #google #calendar,irrelevant
#google обьявил об обновлении #Nexus_S  до #ICS . Ждем порта 4.0 на #SGS .,irrelevant
"I don't get it. Instead of @apple dropping the 16GB iPhone 4 down to $99, they release an 8GB one for $99???",neutral
"#google Jeux d’été 2012 robes du soir 57e empire: Jeux d’été 2012 robes Empire robe de soirée, robe d... http://t.co/zMD42jJJ #wikileaks",irrelevant
"Congrats to the 5 big #winners of the ""Get certified-Get happy"" #Sweepstakes!  EZ log-in&gt;Contests&gt;Winners:  http://t.co/396AtoHF #Microsoft",neutral
No pierdan la oportunidad de registrarse al evento gratuito de Lanzamiento de #Microsoft #Dynamics #AX2012 regístrese: http://t.co/G2SNZEvE,irrelevant
RT @nataliajones: Use #Twitter to generate traffic to your website http://t.co/72YmN3kD,neutral
RT @TimjwDowning: #iOS 5  is a great system but it's taken all day to download @apple,neutral
"I am so done with @Att and @apple 's profitering and lack of customer service, so fucking down with both!!!",negative
Hoy no abri mi #twitter en todo el santo dia 5;,irrelevant
"En full capacitación de soportes en #Microsoft Advertising, muy entretenida!!!",irrelevant
#Android #Google New UI and Core Features in Android 4.0 Ice Cream Sandwich Overview http://t.co/BD2omnIb #DhilipSiva,neutral
@garbage Welcome to #Twitter!,neutral
RT @CircusTK: I'm wit chu!! “@ShayDiddy: Officially boycotting @ups!!! Calling @apple to curse them out next for using them wasting my t ...,negative
@apple Give Siri back!,neutral
So @apple changed the look of their on/off toggle. I wonder how long it will take for all the hip web apps to follow...,neutral
“@rianru: #Google и #Samsung представили новую версию операционной системы - Android 4.0 Ice Cream Sandwich http://t.co/HvtFSCXz” сэндвич!?,irrelevant
"si es ese dia, voi a kumplir 2 años kon el #twitter :D",irrelevant
RT @marcfletcher: #Intervate wins the portals and collaboration partner of the year 2011 #Microsoft #techedafrica,neutral
Ballmer's vision for #Microsoft http://t.co/MWlPnWtM,neutral
"even if I skip the newspaper, I don't worry coz I get all news updates at #Twitter. :)",neutral
#twitter should i upload tweetdeck for my laptop?!,neutral
What is the difference between #twitter and #googleplus??,neutral
I can't c it as an important invention ... Siri is an incomparable alternative!  -- PocketTouch http://t.co/4DPIoyqT #MicroSoft #Siri,neutral
#Google revela o Anddroi 4.0 Ice Cream Sandwich: O Google revelou hoje durante um evento em Hong Kong a nova versão…,irrelevant
"RT @leiboaz: Wow, worst @apple customer service experience ever. Arrogant and inept. Bad combo, Biltmore Apple store.",negative
"People that do this "" #This #Is #My #Twitter "" and pound everything. Needs to delete their Twitter.",neutral
~~~~&gt; RT @RealJaythoven #twitter and #Facebook gone get sumbody beat up mane everybody b so reckless,neutral
RT @twandroid: Deux lignes sont affichées sur la première page de GMail pour chaque mail : un aperçu en quelque sorte #google #nexusprime,irrelevant
#Twitter Buzz Builds for the Occupy Wall Street Movement [CHARTS] http://t.co/DAr3Ef5T #uncategorized,neutral
.RT @edatpost: .@Apple fan Eric Holder spotted at the Genius Store http://t.co/LCTPxHF5,neutral
Galaxy Nexus Vs iPhone 4S: Which smartphone wins? http://t.co/bF6QUCwt via @productreviews #galaxynexus #iphone4s #google #apple #ics,neutral
RT @MizzSpicey: #TeamFollowBack #TFB #MustFollow #MF #FollowNow #FN #FollowFriday #FF #IFB #Twitter #Follow @DrunkedOutTeezy,irrelevant
#Microsoft se réjouit d’avoir loupé le rachat de #Yahoo!,irrelevant
"Olha aqui @apple: na proxima atualizaçao eu quero um atalho pra ligar/desligar a 3g Ok ? Aff fazem tudo pela metade !!! Steve,da um jeito ai",irrelevant
@Blogger loves @Apple iPhone. My blogpost finally done through iPhone apps.,neutral
"RT @KanvasKings: 1,500 #followers on #Twitter and 2,500 #fans on #Facebook? Takeover imminent? #HellYeah. ALL SHIRTS JUST $15 til Monday!",neutral
There is a chance? #Microsoft and #Mobile http://t.co/p4ChgGwg,neutral
RT @MikeMcCready: Don’t Cast Your Google Adwords Net Too Wide | Mike McCready http://t.co/ms06fehi #google #adwords,neutral
Steve Ballmer haalt uit naar #Android http://t.co/Zzp06KpZ Ironisch als je bedenkt dat #Microsoft goed aan Android verdient...,irrelevant
Galaxy Nexus – the first Ice Cream Sandwich phone coming to Verizon http://t.co/BiPvBdxz  #android #google,neutral
#twitter I hope all of you never stop dreaming! Because dreams fuel your soul! I love dreaming big and seeing what happens!,neutral
"@chihuahuentauro jajajaja #Facebook es otra cosa, insultas a #Twitter jajajajajaja",irrelevant
#microsoft makes every surface a touch screen http://t.co/n2GC2gK4 #touch #gesture,neutral
RT @InternetBH: Microsoft finalises Skype deal - IT Business - News & Features - http://t.co/F9b14RY3: http://t.co/275l0zay #skype #Micr ...,neutral
@SERGIOapple incluso si usas #Google #Chrome hay una App. Y al igual es mas practica pero es para el navegador,irrelevant
Love ios5 Easter eggs. Pull down from middle top to bottom and see what pulls down. Awesome little feature! #ios5 @apple,positive
#Android #Google Video: Samsung Galaxy Nexus Announcement and Official Promo http://t.co/4ErExB4T #DhilipSiva,neutral
RT Is @Wahooly the long awaited way to make clear the ROI of #Twitter? http://t.co/rjY5WGr0 #socialmedia /via @socialmedia2day #gosocial,neutral
RT @jblank23: #Microsoft Turns Your Body Into A Touchscreen @PSFK: http://t.co/GMT9sLfN via @AddThis,neutral
RT @InformationWeek: Reader 'Tronman' compares #SteveBallmer to an albatross around #Microsoft's neck.  Do you agree?  Join the discu...,negative
"@raellenkoga_ kk , isso porque eu ttinha #twitter antes de você, mais ttinha esqueciido de tudo :S kkkkkkk",irrelevant
Correction: @ Best Buy kudos to Chris @ Alamo Ranch S.A. TX-fixed issues couldn't resolve after 1/2 day w/ @ATT & @Apple. Hero of my day!,negative
"@Angelina_adr Se que Utiliza más Pin que #Twitter & que #Facebook, agrega hay pin: 2178D655",irrelevant
#Microsoft drops developer preview of its ‘Roslyn’ compiler http://t.co/XgUrXNPa #uncategorized,neutral
Novo #Nick in #twitter. Hehe'  (:,neutral
"New mov: ""ショウケース@apple store 銀座"" 記録 / starring:ichiro_, REPEAT PATTERN, moda → http://t.co/kmJ0o1Ja",irrelevant
"#Android #Google Android 4.0 Ice Cream Sandwich Official, SDK Now Available http://t.co/rXuPIW2U #DhilipSiva",neutral
Guess what I spotted a couple days ago... didn't expect to see one especially in the West Village #Google http://t.co/Xop25kvU,neutral
Survivable Branch Appliances & Basic Hybrid Gateways for #Microsoft #Lync and Office Communications Server http://t.co/MqUojAAf #Audiocodes,neutral
got the new @apple update,neutral
@DayaThomas Amiga le doy mi Bienvenida al #Twitter!!! Kisesessesesesesesese,irrelevant
iphone行列並んだー@apple store銀座 どのくらいかかるかね。16Gしかないそうです。,irrelevant
Ik lees steeds meer enthousiasme voor #google+ en aantal gebruikers groeit spectaculair. Ik merk daar niets van!,irrelevant
@apple domain fail. Open 2 hrs late for walk in ppl. Store was empty and i only need a skin 4 my screen. You represent customer service FAIL,negative
Fixing a pc that thinks it is 1601. I thought #Microsoft had the Y1.6K issue fixed already. #Techsupport,negative
Join #Microsoft Experts in 1 hr for a live technical chat on #WindowsPhone #Mango Live Tiles http://t.co/YPzLTs50 #wpdev #wp7 #msteched,neutral
"Totally unproductive day with no access to #Microsoft Excel or Word, aaargh! Will be working late tonight after hubby fixes. #fingerscrossed",negative
De volta no #Twitter.... Boa noite pessoas',irrelevant
"Thanks, @Apple. Now even more people on the bus are talking to inanimate objects. Harder than ever to tell who's crazy and who's hip.",neutral
RT @google_topic: Samsung、Android 4.0搭載のGoogleブランド端末「GALAXY Nexus」を発表 - ITmedia http://t.co/t0CrKsoo #google,irrelevant
Best night inna while :) #newbestfriends wish you kids had #Twitter #amaturehour,neutral
@apple thank you for ruining my 3GS with #iOS5. You've just turned my phone into an utterly useless pile of shit.,negative
RT @twandroid Android Beam : partager du contenu entre devices Android via le NFC #google #nexusprime,irrelevant
I need 2 unfollow some of these wannabe G's! RT @SteveGr8ofTeeZ: RT @The_Kase Do real thugs have #twitter? #confusedbymytimeline  //Hell no.,neutral
Embed Google Calendar To Your Wordpress Post: http://t.co/ah8km2JF #wordpress #google,neutral
"Un Algodón mkon, me invadió el #Twitter ._. xd",irrelevant
On Google+ then go here http://t.co/hhAmwm8K #GPlus #Googleplus #Google #teamfollowback #socialnetwork,neutral
#Google thinks your digital books belong on a digital bookcase - a #WebGL #Chrome experiment http://t.co/2LqpqF6F,neutral
"Com 250 milhões de mensagens diárias, Twitter cogita pagar por tuítes #Twitter http://t.co/sucRDj5Y via @idgnow",irrelevant
"RT @PhillipRowntree: Just registered as an @apple developer... Here's hoping I can actually do it... Any help, greatly appreciated!",positive
"@AleCP93 Hey broo graxiias por recordarme qe existe #Twitter jajajaja!!!
Teniia siglos de no usarlo jajaja!!! :)",irrelevant
RT “@Ant0ineH: Twitter Will Beat #Google+ And #Facebook With Simplicity- #Twitter CEO http://t.co/melkHdb7” Beat? You aren't competitors…,neutral
"1080p video recording, continuous focus, zoom while recording and time lapse included in Android 4.0. #Google #Android #ICS",neutral
"RT @FierceWireless: #Microsoft's Ballmer promises #Nokia Windows phones next week, slams #Android.  http://t.co/OH8Btu2e #WP7 #Window...",neutral
Why can't I check just Notes (without mail) on Lion for #iCloud like I do on the iOS devices @apple ?,neutral
"So @apple the new iMessage is great and all, but is there a way to default to SMS when I'm not on wifi? I have limited data.",neutral
Dear #Microsoft - seize the moment - focus on developing Windows7 phones for enterprise solutions. Succeed where #RIM is failing.,neutral
Its new #Theme after #Updates have to b use with it. Though I like #Old theme of #Twitter for #Android,neutral
RT @frizzy_drizzy: @iTaylor_Simpson u post on #twitter to much like ery 5 sec #Damn,neutral
"bagi yg acc USnya di disabled sama apple,email aja itunes store supportnya minta di re enabled lagi
iTunesStoreSupport@apple.com",irrelevant
"The way you can understand
all of the social media
is as the creation of
a new kind of public space.  #MICROSOFT",neutral
RT @xenophin: #Samsung and #Google's Ice Cream Sandwich event is at 3am UK time.    Waking up to a lot of news then ... #nonUSAtimezonel ...,neutral
RT @wbasinger: RT @TeachHub: 50 Ways to Use #Twitter in the Classroom http://t.co/AFHx3m2n,neutral
#Microsoft: #Mango Now Available to Nearly Everyone - http://t.co/vQkJ84AC #windowsphone #wp7,neutral
C meus amigos do #Twitter a maioria do Brasil eu tenho dificuldade p um chat qdo trabalho se madrugada! #horariodeverao no!!!,irrelevant
Ya no sé si la noticia del Zoo de Ohio que me llegó a mi cel. fue sacada o no de #twitter... creo que sí,irrelevant
BuzZz...: Google Wallet Introduction Video http://t.co/Q00gYwQH #Google #Wallet,neutral
"@Apple iTunes is the worst program ever. For such a great phone, you make some awful software.",negative
"RT @rdingwell: .@Apple has a record quarter and because a bunch of professional guessers (aka analysts) wanted more, its a disappointmen ...",neutral
@apple store to get my phone fixed... ppl lined up for 4s http://t.co/aUHQLiVy,neutral
RT @ShawnWildermuth: OMFG: http://t.co/Rit4WJq3 #gates #ballmer #nightAtTheRoxbury #microsoft,neutral
#Android #Google Samsung Galaxy Nexus official hands-on [Video] http://t.co/6GX3R9MT #DhilipSiva,neutral
#android 4.0 нужен #google чтобы объединить телефонную и планшетную версии в одну.,irrelevant
@apple  why don't you guys test your upgrades before you put them out. 15 1/2 hrs u guys wasted of my time yesterday. Thanks.,negative
#Samsung and #Google introduce #GALAXY #Nexus http://t.co/2rvF0tZp via @androidcentral #Android,neutral
#Google announces #NFC-based #Android Beam for sharing between phones http://t.co/zYKEr3ax via @engadget,neutral
@JackDavidson95 ill be manager after a week! Yeh joint ownership of #microsoft ahhhhh,neutral
RT @Institut2F: RT @newsgrape_de: 3 Tricks für mehr Kontrolle über #Microsoft #Windows 7 -http://j.mp/mSOETz #hack,irrelevant
Ya chao #twitter !,irrelevant
RT @twandroid: Possibilité de sauvegarder pour visionner hors-ligne #google #nexusprime,irrelevant
RT @NeowinFeed: Ice Cream Sandwich to stop carriers bullying smartphone users #google #android http://t.co/HHfJbBHU #neowin,neutral
@Unipamplona las clases empiezan el 24 de octubre ?... Espefifiquen en los 140caracteres del #twitter no coloquen enlaces que no abren..,irrelevant
"Warum steht bei @anked eigentlich ""ehemalige #Microsoft Managerin"" und nicht ""Zukünftige #Piraten Stadträtin""? #AnneWill",irrelevant
NAVIGE in TerDege Nieuw 17 opgenomen in rubriek Personalia en Bedrijven als zelfstandig ondernemer #Microsoft #Dynamics…http://t.co/TAILFVUV,irrelevant
RT @twandroid: Les notifications sont visibles depuis le lockscreen #google #nexusprime,irrelevant
#Google announces #NFC-based #Android Beam for sharing between phones http://t.co/dduu9ffd,neutral
RT @charmybird Soon. Getting ready for the party. #google #android #icecreamsandwich http://t.co/puMwmM9m,neutral
#BOANOITE #TWITTER  . SAINDO \Õ  . #CHUPAFLAMENGO,irrelevant
9% now on my second full charge of the day. Pissed @Apple,negative
"CNET » #Microsoft #OmniTouch allows multitouch input on arbitrary, everyday surfaces » http://t.co/PbwdSTmb http://t.co/0D4xV6D3",neutral
Video: SIRI also gets angry. http://t.co/ksX2XZoR  @chrisvoss @apple #apple #siri #iphone4S #Ai,neutral
"The Perks of Working at #Google, #Facebook, #Twitter and More [INFOGRAPHIC] http://t.co/0KcgbMWF #sm #socialmedia #redessociales",neutral
@maffer_rdz jajaja asu encerio qe si me ganas yo no tantos y eso qe casi odo el dia checo #Twitter :D,irrelevant
"Zeer enthousiaste reacties op bedrijfsbezoek aan #Microsoft voor de (interim) #secretaresse, dank Kelly en Brigitte voor de goede ontvangst!",irrelevant
SpeechTrans http://t.co/TW3SzX61 on @Apple App store listed as the #best bi-directional #Speech To Speech #Translator ---- Posts on Twitter,neutral
The Great Tech War Of 2012 : http://t.co/RbEvrtfz #Tech #Mobile #2012 #Wireless #Apple #Google #Microsoft,neutral
What to Consider When Migrating to #Microsoft Exchange 2010: http://t.co/jmyt6myL #yousendit booth 624 #gartnersym,neutral
"RT @SymonPerriman: Sign up for online #Microsoft #HyperV #Virtualization 70-659 training on Nov. 2. It is $99, has a $150 exam voucher!  ...",neutral
"""Kanye West has added you to his circles."" yeah, right. #galaxynexus #google #ics",neutral
"#Android #Google ICS Has Completely Revamped Your Contacts Into The ""People"" app http://t.co/QDoGji0U #DhilipSiva",neutral
Video: SIRI also gets angry. http://t.co/Xx1chZbN  @chrisvoss @apple #apple #siri #iphone4S #Ai,neutral
I hate my @apple computer.  Thats 3500 dollars down the drain.,negative
@GForbz3 ma g wass good with you!! Didn't even kno you was on #twitter when was the last time you touched down in the city??,neutral
@apple #readyfor5.0.1 http://t.co/M2FqakYr,neutral
"definitivamente irei MATAR esse #Twitter 
pq tento trocar a porr# da minha foto de smp
da EEEEEERRRO *-* EEEERRO

#Tomanocú",irrelevant
“@RealJaythoven #twitter and #Facebook gone get sumbody beat up mane everybody b so reckless”,neutral
RT @yaksys: My #twitter age is 1 year 243 days 22 hours 31 minutes 44 seconds. Find out yours at http://t.co/dniOkchP #twittertime,neutral
A Child’s-Eye View Of #Microsoft’s #Kinect For Kids: http://t.co/xW1ACTtj | #solutions #Kasper,neutral
17 Things You Didn’t Know About #Twitter: http://t.co/LL61rx2R via @TweetSmarter RT @sharonhayes @ChoiceZnewZ #facts,neutral
"dear @apple, why you gotta go change the way &lt;input type=""number""&gt; is handled out of the blue?",negative
http://t.co/18xg3ivo! #Google’s Ice Cream Sandwich Official http://t.co/7h5YdQCN #android #icecreamsandwich,neutral
#Android #Google Texas Instruments confirms Galaxy Nexus has newer OMAP4460 processor http://t.co/sh316tBN #DhilipSiva,neutral
This is how charity works these days. http://t.co/839klkFH #billgates #philanthropy #microsoft,positive
#Tecnologias : #Microsoft lanza sitio oficial de #Skype http://t.co/5Xmgk7Ul,irrelevant
"Restored my iPhone. STILL NO TEXTS. DEAR @APPLE Y NO LOVE, Y RESTRICTIONS ON MY SMS?  Y NO TEXTS.... #iOS5 #iOS5atemydingo",negative
RT @AndroidTopNews: Steve Ballmer: Android is for computer science geeks http://t.co/o7vJl4Tl #News #android #google #microsoft #steve_b ...,neutral
so #twitter who wants to buy me #lunch?,neutral
"Listening to this, how much do #Microsoft miss Bill Gates? http://t.co/H4OuzdOk He is a genius, as was Jobs. Bill saw it, but Steve made it.",neutral
RT @DailyDealChat: @bidmyway I like your app for the @apple iPhone very simple and easy to use!,neutral
#Google Trademark Poker Full Size Texas Hold’em 83 x 44-Inch Poker Table (Green Felt): Trademark Poke... http://t.co/jICU3KON #wikileaks,irrelevant
Did #Facebook Just Beat #Google At Its Own Game? http://t.co/SiJsB3ME #socialmedia,neutral
Early cloud #Microsoft partners can qualify for Microsoft Cloud Accelerate! http://t.co/pjkyf0gf,neutral
Microsoft Excel: How To Alternate the Color Between Rows - http://t.co/x7TZk9sG #microsoft,neutral
"RT @whymicrosoft: Google’s Ad revenue for Q3 was 96% of total revenue. So, are #Google customers the commodity being sold to advertisers???",neutral
"#SIGSource #Microsoft talent source program boasts a procure-to-pay model to manage temp workforce, concept works for VMS  #Beeline",neutral
"@EilsonOliveira a roupa num tira , mais os dedos no #twitter heheh #saudades",irrelevant
#Google La recherche cryptée étendue à tous les utilisateurs connectés à un service Google via @commentcamarche http://t.co/5d4YG4pa,irrelevant
Pas mieux \o/ RT @g123k: #kikitoutdur devant ICS #google #nexusprime,irrelevant
"Para los que tenemos un #GalaxySII, no se preocupen... está 99% confirmado que tendremos #Android 4.0 en este GRANDIOSO terminal. #Google",irrelevant
WP7 is getting there: #Microsoft Claws Back to Smartphone Relevance: Rich Jaroslovsky - Bloomberg http://t.co/JIMML4RC via @BloombergNews,positive
#Microsoft learning all day long-For FREE-SpecTECHular San Antonio. Register?uick. November 10 - http://t.co/bVKP5Caq,neutral
"I just installed the new Twidroyd for #Twitter on my #Android Phone - It's #Free, give it a try. http://t.co/Xm2blIfC",neutral
I wanna RT a lot of tweets.. but my app won't work. What's the best #Twitter #App??,neutral
En estooos ultimooos dias Mi  página mas visitadaaa en internet es #Google,irrelevant
"Ah, Steve Ballmer..! Altijd goed voor een fijn lachmomentje: http://t.co/zD14Sy6e #microsoft #iphone #mango #android #ios #apple #google",irrelevant
Put your twitter on autopilot and let it gain followers for you!! http://t.co/hze1TqAl #TeamFollowBack #Twitter #autopilot #1000aday 9,neutral
RT @PacktEnterprise: Book Published! #Microsoft #SharePoint 2010 Power User Cookbook: http://t.co/A8ZqMpYP @spmentor http://t.co/v0mO0VkQ,neutral
#ooff #TWITTER     NOS VEMOS,irrelevant
@cloudnewsindia The War of #Email #Cloud Computing: #Google vs. #Microsoft http://t.co/zu9pSwSG,neutral
"o #twitter pedi : no que esta pensando agora ? se fosse pra mim só falar isso, iria ficar escrevendo o dia inteiro milena, milena! @mi_qw s2",irrelevant
$6% of women use #Google for info on health care vs 28% of men -&gt; http://t.co/PM6wxvQb (via @nicolaziady) #hcsmeu #epharma,neutral
@ShawnWildermuth  #gates #ballmer #nightAtTheRoxbury #microsoft That is so wild!,neutral
Aye @Me_Cedez get my bay out da way @Ful1time  ( swirlZ) gotta #Twitter,neutral
iPhone 4S: Setup SIRI for your Tweets. http://t.co/fZ216OiJ @apple #apple #iphone #siri,neutral
RT @bytenow: The next pure #Google phone is the #Galaxy #Nexus by #Samsung. It's fast and has a nice screen - http://t.co/9RwvaUkq,neutral
"Also, I maybe missing something here. But I thought #Google bought #Motorola Mobile? So, what's with all the #Samsung Love??",neutral
"RT @Apple Yea, our stores are open 7 days a week RT @Wasalu_Flora Me too? RT @DJ_BMONEY iPad ..+ iPhone 4s..= My Christmas gifts to my self.",neutral
Microsoft ha migliorato la ricerca per la barra d’avvio di Windows 8: Windows 8 abbatterà... http://t.co/9LEIev0n #windows #microsoft,irrelevant
As mainly a #Microsoft #business user is it OK to like #IBM #ibmconnections ?,neutral
Tengo olvidado mi #twitter :S,irrelevant
#google #icecreamsandwich event featured #minecraft,neutral
"#Microsoft CEO Steve #Ballmer on Not Buying #Yahoo: “Sometimes, You’re Lucky” http://t.co/7TEtDPP9",neutral
"Povidani s #Microsoft o #Azure. V Evrope uz je data centrum i v Amsterodamu, chysta se v Nemecku a Rusku. V kazdem pres 250 000 serveru.",irrelevant
Ppl emphasize to make thyself look greater then they are! #twitter!,neutral
#Android #Google Google updates Nexus site with Galaxy Nexus details http://t.co/BeckhmA1 #DhilipSiva,neutral
#Microsoft en el futuro: Kinect y su tecnología avanzada http://t.co/kjiGyuFr,irrelevant
yo @Apple va falloir faire quelque chose pour l'app vidéo. Le fait de pas pouvoir laisser la vidéo jouer en faisant autre chose &lt;  diarrhée.,irrelevant
"If #Microsoft earnings disappoint, blame consumer PC sales http://t.co/xEKwTlUg",neutral
Regístrate para asistir este 8 de noviembre al lanzamiento de #Microsoft Dynamics AX 2012 http://t.co/txHEoInE,irrelevant
"Steve Ballmer, CEO de #Microsoft ""Necesitas ser un científico para manejar Android"" Gracias majo! Jajjajaa",irrelevant
"Hey @Apple, pretty much all your products are amazing. You blow minds every time you launch a new gizmo. That said, your hold music is crap.",neutral
@nokia Is #Nokia going to release their new #WindowsPhone in Norway this year? #WP7 #Microsoft,neutral
@KaeKaed @Apple Here is an easy way to put Newsstand in a folder http://t.co/yVXmWIbI,neutral
@apple pls launch #Siri on iphone4 .. Disappointed after spending hours for upgrading to iOS5..,negative
@WSPSanDiego Kickoff tomorrow 10/20 at San Diego #Microsoft Store at 6:00pm @wspwest http://t.co/5FiP2vVg or ping me,neutral
"#google #IceCreamSandwich #Samsung #Updates #Android | 
Galaxy Nexus with Ice Cream Sandwich: pictures http://t.co/DGGsNOh2",neutral
Android Beam: Compartilhamentovia NFC  #icecreamsandwich #galaxynexus #google #samsung,irrelevant
Android 4.0 Ice Cream Sandwich announcement round-up #android #google http://t.co/3SvjOtjT,neutral
Is #twitter a birds nest an we just some birds? All we do in this bitch is #tweet #tweet #tweet! - #RT,neutral
116 new #jobs posting for #google http://t.co/XfG6l29D  #jobely,neutral
Un teclado táctil sobre cualquier superficie · http://t.co/596vTdrm http://t.co/zhyeGWaZ #Microsoft #Tecnologia,irrelevant
#Microsoft presenta un teclado #touch sobre cualquier superficie  http://t.co/mU1FdIhF,irrelevant
el #twitter x cel no s!rve e$ un ascΘ(...),irrelevant
#google must b having sum underlying reasoning 4 naming products after eatables #eclair #gingerbread #icecream #rawadosa #android,neutral
Presentanción #Android 4.0 y Samsung Nexus Prime - http://t.co/Iy3VNaFF #Google. (Se jodió #iOS5),irrelevant
Oef..#Microsoft trapt Google Toolbar uit #Skype http://t.co/m2...,irrelevant
#Teamfollowback #Microsoft investigating Windows Phone Mango Zune freezing problems,neutral
Google releases 50 new features for presentations in Google Docs: Google is rolling out a s... http://t.co/HkCBc7pm #google+ #googleplus,neutral
"@LuceroMexico  Ja lu! chiste! en qe se parese papa pitufo al #twitter???
en qe los 2 tienen el pajarito Azul ..!  jaja",irrelevant
RT @twandroid Le baromètre est inclus dans le Galaxy Nexus #google #nexusprime,irrelevant
De regreso al mundo #Twitter,irrelevant
RT @TeachHub 50 Ways to Use #Twitter in the Classroom http://t.co/lJiN0See #education #ntchat,neutral
"RT @Saptha: When u dine with a customer u shoukd never explain abt solutions unless he ask , M$ never lean the concept #microsoft #fail",negative
"Schaue mir #WMI #Performance Counters auf #Deutsch an, und kriege #Schmerzen… ICH WILL #SCHMERZENSGELD VON #MICROSOFT!!! #fail",irrelevant
"RT @Mrgareth: ""Top Three 'playing nice' scores were #Google, #Salesforce and #Xero"" in @itnews_au ""Which #Clouds Play Nice"" report: http ...",positive
"#iPhone4S in #Space http://t.co/glOaXhLe via @youtube

#nasa @apple",neutral
@The_DJ_Show #welcome to #twitter my #friend. #hashtags,neutral
RT @jessvpeterson: Ever post something to the wrong circles?  #google+,neutral
RT @stuartmiles: http://t.co/hM2x3yim via @pocketlint #moto #google #android,neutral
RT @JohanBlok: #Smartsite prijsmodel voor #Microsoft #Azure cloud afgerond. Volgende week eerste site live in the cloud?,irrelevant
Ho come l'impressione che la recente evoluzione di #facebook abbia creato un ulteriore solco con #google+ ...la vittoria finale??,irrelevant
not happy with @apple right now. the upgrade to my itouch4 took out my itouch and laptop. #help,negative
Microsoft adCenter Promo Code – Free $25 credit http://t.co/XwC7xvK8 #webhostingcoupon #adcenter #code #credit #free #microsoft #promo,neutral
Vertical Solutions is giving away a #microsoft office pro pack at the #2011solutions conference! Stop by their booth for a chance to win!,neutral
Why not send a Google card this Christmas? http://t.co/zSfuV48d #xmas #google #squidoo,neutral
Our trip to SF and Silicon Valley is about to end. Visit @Apple HQ is one of the final stops. http://t.co/ikoOqdoc,neutral
#Microsoft Natural #Ergonomic #Keyboard 4000 Review http://t.co/blz7dtsy,neutral
"Build once, scale to many: #Microsoft allows creators to extend experiences to multiple touchpoints like xBox, Windows Mobile. #ULforthewin",neutral
Going in with #mikedunn one of the #chosenfewdjs all in with #chicago #housemusic! Might want to #google him!,neutral
"#TWITTER, minha salvação ... =D",irrelevant
#twitter se me hiso vicio,irrelevant
SeNews : Ballmer on not buying Yahoo: 'Sometimes you're lucky' #Microsoft #Yahoo : http://t.co/E0kvSTj4,neutral
RT @funkfish_2: so. ja. Ich will das galaxy nexus. sofort! #google #samsung,irrelevant
RT @Apple sells 4 million iPhone 4S in 3 days http://t.co/vElmtzNS via @reuters,neutral
SpeechTrans http://t.co/TW3SzX61 on @Apple App store listed as the #best bi-directional #Speech To Speech #Translator --- Posts on Twitter,neutral
"Top 50 #Twitter Acronyms, Abbreviations and Initialisms http://t.co/nEqHcJsY  /via @ruhanirabin",neutral
RT @iTweetTechNews: Famous wrestler Razor Ramon is trending on #Twitter.,neutral
#Smartsite prijsmodel voor #Microsoft #Azure cloud afgerond. Volgende week eerste site live in the cloud?,irrelevant
"Por cierto @Apple, me sigue gustando mas MobileMe que iCloud. La sincronización de mis ordenadores, la gestión de carpetas... nada que ver.",irrelevant
"Hide the women and children, break out the guns, #Google is going to encrypt your searches by default! http://t.co/2VbCGLgp #SEO",neutral
Ever post something to the wrong circles?  #google+,neutral
O Ice Cream Sandwich praticamente dispensa apps de terceiros! #android #google Galaxy Nexus,irrelevant
#Google unveils what's new in #Android 4 'Ice Cream Sandwich' http://t.co/uOLAYieA,neutral
Waiting on line @Apple store at west 14th Street.,neutral
#Google+,neutral
"@Brandon_Solano hahaha, ve pues xD Ok bye' de #twitter ILTSM!' (LL' &lt;3",irrelevant
“@AppSenseTechie: #Microsoft tests and proves #AppSense enterprise scalability! 78K users on one personalization DB - http://t.co/jXhFHPTJ”,neutral
Night at the Roxbury with Gates and Ballmer  http://t.co/RSZAL40S #funny #video #gates #ballmer #microsoft,neutral
Der langsame Tod von SEO?? #Google -Suche  für eingeloggte User verschlüsselt - http://t.co/czsosVGp #socialmedia #marketing  #search #seo,irrelevant
WHERE THE HECK IS THE @ANDROID SOURCE CODE ?? WTF #GOOGLE,negative
Iphone: Watch Siri &quot;Work&quot; On the Old iPhone 4 - @Gizmodo http://t.co/dGPWL0r0 @apple allow commands from iPhone 4. Stop playin!,neutral
"@tryladis bienvenida a #Twitter que bueno tenerte por aquí, esto es genial  :)",irrelevant
“@GeeCloud: Congratulations to Softline Pastel (@SageGroupZA) for winning #ISV of the Year at #Microsoft #partnersummit” @SoftlinePastel,neutral
Ugh idk how to use this thing #twitter #helpme,neutral
"@Apple, @Facebook, @Google and @Amazon battle in...The Great Tech War of 2012 http://t.co/uL9zZKv8 by @fmanjoo",neutral
RT @twandroid: Possibilité de voir les mises à jour (un peu comme Sony Ericsson avec l'intégration Facebook) #google #nexusprime,irrelevant
#Samsung & #Google unveil latest #Android #phone using #IceCreamSandwich http://t.co/eHoeBMDW,neutral
@ZackSiam you just might be the most influential man in the #twitter universe,neutral
"If I was @Apple, I'd publicly denounce and file suit against @Nuance. Then buy 'em on the cheap. #Siri",neutral
"RT @InternetBH: #Microsoft shows 'touch screen' for any surface

http://t.co/rT9g3pUH",neutral
Vous me demandiez comment obtenir une #certification #Virtualisation Serveur #Microsoft ? Si vous avez des questions - http://t.co/fC5LFiCL,irrelevant
I have 4 @Apple products...,neutral
IT-Concern enige #Microsoft dienstverlener in Gorinchem met 1 Gold & 3 Silver statussen #pinpoint  http://t.co/rIPJRmZS. Dat zegt genoeg!,irrelevant
RT @wireditalia: #Twitter 250milioni di cinguettii al giorno e un valore di 8miliardi di $. Tempi duri per #Facebook e #Google+? http:// ...,irrelevant
#Microsoft extends revenue guarantees to Yahoo: Yahoo disclosed today that Microsoft extended… http://t.co/NWLalDdd,neutral
Use o Twitter Profissionalmente! ~ Dicas E-Commerce e Renda Extra!: http://t.co/k6yAfacy #Twitter #Blog #Ecommerce #Brasil #Marketing,irrelevant
Estudio: Microsoft vende más http://t.co/1VfC5PH1 #microsoft #tecnologia #tic #IT,irrelevant
#kikitoutdur devant ICS #google #nexusprime,irrelevant
Motorola Droid Razr vs. Samsung Galaxy Nexus (chart) - CNET (blog) http://t.co/oRkTnT7R #nexus #one #google,neutral
Ammazza... Anche su #twitter la gente dorme a quest'ora,irrelevant
#Video oficial del #Samsung Galaxy Nexus http://t.co/IMid6Bem #gadgets #smartphones #galaxynexus #google #promocion,irrelevant
Las aplicaciones más populares para iPhone (vía AppleWeblog) http://t.co/m68Tzn1K #iphone @apple,irrelevant
Android 4.0 SDK now available #google #android http://t.co/P05YR6PC,neutral
"Zero-day exploits are low in number, but pose big threat, experts say: http://t.co/Tk7i6fw4 #Microsoft #ITsecurity",neutral
This is what I have been waiting for RT @Apple The last big project Steve Jobs was working on was the new cranial insertion device: iMplant.,neutral
#Tecnología #Bill_Gates testificará en el #juicio por #monopolio entre #Microsoft y #Novell http://t.co/o1WGjYTO ➨ @theINQ,irrelevant
¡#twitter Tribune  está disponible! http://t.co/RBNiWUmI,irrelevant
Spotify lanza aplicación para BlackBerry http://t.co/Sgsy2bw0 #web #microsoft #tecnologia #web,irrelevant
Nos vidéos de Batman Arkham City http://t.co/07Pau5TJ #sony #microsoft #buzz,irrelevant
Android 4.0 SDK now available #google #android http://t.co/LzJmTGQ9,neutral
http://t.co/pUvXwjjc Is it #Google #bookmark or #links that bring site #traffic blogspot http://t.co/KPdXWPEB wp http://t.co/31g0geqy,neutral
#Twitter to Reformat All URLs With T.co	http://t.co/WQh2pHEA,neutral
追悼ジョブズ氏…@Apple Store#fb  http://t.co/V07PBNdP,irrelevant
"Sneaky, sneaky. Seven ways to spy on your competition, using #Twitter - http://t.co/RxopvNGQ - via @ruhanirabin @AskAaronLee",neutral
Calling All #IceCreamSandwich Lovers | #Google & #Samsung Like in Hong Kong - A new look at what's new from Android http://t.co/XPGHLC2o,neutral
#Linux Licensing in Conflict with Secure Boot Support http://t.co/vAyDRedn #opensource #uefi #microsoft,neutral
groupies follow me like #twitter.....lol jk,neutral
RT @ricklennie: Un vistazo a Windows Server 8  http://t.co/BmcJLgDV  #Microsoft #MSDP,irrelevant
Wow... @Apple sold 4 million iPhone 4S in a single weekend... http://t.co/WDLHZsza,neutral
Suppose Microsoft Had Bought Siri? - Forbes http://t.co/HoJx73Hh #apple #microsoft #siri,neutral
2pi ou pèdi onè ak respè ou so ou pap janm jwn li ankor kelkeswa app ou genyen an #Mac #Android e #Microsoft c menm jan ak Vijinite'w #manzè,irrelevant
RT @SQLServer: #Microsoft made many announcements at #SQLPass Summit. Read the blog post for a recap: http://t.co/KSgglnDC #sqlserver #s ...,neutral
Ninguem fala cmgo no #Twitter!,irrelevant
no los menciono por que me calientan el #twitter,irrelevant
"Thanks 2 my new #Twitter connections! @ecogreenvalet1,@brunodgama,@inez260,@moniqueprothero,@leviti09,@ChristyJBPL,@TonyMicheal, Chk Em Out!",neutral
RT @nansen: so this SMS full message is known @apple issue with new iOS5 update. trying restore. When all else #fail - restore.,negative
Article discussing how the four great tech companies will compete in the marketplace: http://t.co/YFWF9iye #Apple #Google #Facebook #Amazon,neutral
#Microsoft CEO Looks Ahead at Social and Mobile Plans http://t.co/wYmFplCs #marketing,neutral
Samsung Galaxy Nexus: Android 4.0 Smartphone Unveiled : http://t.co/b5jmtr1L #android #google #mobile #news,neutral
"@sprint @bestbuy still no word on my iPhone4s preorder.  Best Buy blames Sprint, Sprint blames @apple, I just want an honest answer.  #help",negative
Nueva tecnología convierte cualquier superficie en una pantalla multitactil. http://t.co/EDibLL5V #Microsoft #omnitouch,irrelevant
"RT @aljonkar: The new Samsung Galaxy nexus..

http://t.co/UtbpXrsj 

#Android
#Samsung 
#Google 
#WoW

CC @kha1989led 
@eisaahmad",neutral
"CNET » #Microsoft #OmniTouch allows multitouch input on arbitrary, everyday surfaces (via @andretelles) » http://t.co/fEB4uIMr",neutral
"@rohit_bmw Rohit, thanks for being part of my #google+ network!",neutral
RT @Yvandavid: RT @Yonopienso_: RT @Anyelius12: RT @Yonopienso_: RT @Yvandavid: Que lo mataron por #Twitter ya RT @Yonopienso_: ¿Que le  ...,irrelevant
More Twitter buzz for Apple Store: http://t.co/hLybd7uc - RT @ji_lee started out as a trip to the @apple store. turned into a spontaneou...,neutral
RT @twandroid: Le panorama est très sympa et peut être coupé à tout moment #google #nexusprime,irrelevant
J'adore !! Enorme “@twandroid Onglets synchronisés avec Google Chrome (comme Honeycomb) #google #nexusprime”,irrelevant
ff Account aan Microsoft Outlook toevoegen #microsoft,irrelevant
"RT @modalnho: New mov: ""ショウケース@apple store 銀座"" 記録 / starring:ichiro_, REPEAT PATTERN, moda → http://t.co/u82a1Ivk",irrelevant
Lmao RT @RobynheaRtz: He asked Siri where's the hoes at & she told him where the nearest escorts were I love @apple,neutral
"""3 principal global players will be active in every market...@Amazon, @Apple, & @Kobo."" #fbf11 #publaunch @MikeShatzkin http://t.co/1ndxcMO1",neutral
"[aa] , suavi bando de cornos & cornas , nun desejo boa noitte pra min , uma maldição pra voçs viciados en #Twitter , haha ++",irrelevant
RT @itoHedz: #Twitter donde las peleas entre personas son mas comunes que frutas en un mercado.,irrelevant
A Child’s-Eye View Of #Microsoft’s #Kinect For #Kids http://t.co/mnamu0xF,neutral
"#Google Docs #Updates Presentations With Real-Time #Collaboration, New Themes, Transitions and More [Updates] http://t.co/JWSPetbd",neutral
Siri's Search Capabilities vs Google Voice Search on Android - Tested http://t.co/YKiFTufX #apple #google #voip,neutral
#Camilokas #Valelokas #Twitter@s y mi #LalyLoka Hasta mañana! Qe tengan lindos! Son increibles! LQM!! Mil bss =),irrelevant
RT @adamdince: #Google might reverse its new data encryption policy if big brands threaten to cut their PPC spend. @Google biting the ha ...,neutral
Beware phone #scam calls pretending to be #Microsoft who claim your machine has a #virus - http://t.co/5F2p4XcB,neutral
Parabens #google gostei bastante do novo Android #android,irrelevant
Parece que Google Labs se acaba :( m.fastcompany.com/technology/57403/ #google #fail,irrelevant
Have never had such poor customer service at @Apple before! What happened? (@ Apple Store w/ 2 others) http://t.co/GKlXMUi6,negative
Virage Success Story - Harvard Business School pdf ebook:  http://t.co/JemEYNDb #google,irrelevant
Crea #Google #librero virtual infinito : El sitio WebGL Bookcase despliega el acervo de #libros .. http://t.co/Y6E1tuvi,irrelevant
Auch Google gefällt das Panda 2.5 Update nicht – Analyse eines Rollbacks « Searchmetrics SEO Blog http://t.co/2LvpBK0J #google #panda #seo,irrelevant
ICS je pro mě naprosto zanedbatelný OS pro mobil. Promiň ;( #fail #Google #samsung,irrelevant
"Bij #Microsoft zijn ze echt niet goed snik, ik was blij dat mijn mobiel gejat werd omdat er windows op zat..  #jaloezie http://t.co/fd0THHCv",irrelevant
#ALG Iniciamos formación #Microsoft M-6292.  Éxitos a los participantes! El conocimiento crece cuando se comparte.  www.alg.net.ve,irrelevant
"Parabéns, #Google. Vocês humilharam o #iOS! #Android 4.0",irrelevant
RT @AppSenseTechie: #Microsoft tests and proves #AppSense enterprise scalability! 78K users on one personalization DB - http://t.co/fCXdU7mA,neutral
"Anyone seen this? If your brand needs to track #SEO keyword landing through to a conversion, well #Google just capped …http://t.co/g4coBopL",neutral
#Twitter Buzz Builds for the #Occupy_Wall_Street Movement [CHARTS] http://t.co/znFYtK9P @mashable #social,neutral
#Microsoft details #Windows8's new Start Screen Search http://t.co/Z6X5rE5q,neutral
"#YahooAnswers #Google y #Wikipedia son parte del staff de Dios, lo sé.",irrelevant
@elias_elegantes voltoo a gosta do #TWITTER ?,irrelevant
Creating #Pareto charts using #Microsoft #Excel http://t.co/B6rYS5gX,neutral
My #twitter age is 2 years 160 days 2 hours 28 minutes 32 seconds. Find out yours at http://t.co/3YI2oDVK #twittertime,neutral
@mnoo_ana @g6wa1998 Etha Nim. w blyala tbon #twitter :p,irrelevant
iPhone 4S 8MP camera : It´s a SONY. http://t.co/6uYIZeAK @sony @apple #apple #iphone4S #cameras,neutral
"hace unos días tenía 711 mensajes de e-mail, lo que más quiero es leerlos todos, acabo de ver y tengo 736 y lo peor #facebook & #twitter= 0",irrelevant
"#Job #ICT System- und Netzwerk Spezialist/in: planova human capital ag, St. Gallen http://t.co/WYHjUOqr #Microsoft #IT",irrelevant
: #Microsoft renovará el Administrador de Tareas en #Windows8 http://t.co/6UhMnWdG vía @tuexperto,irrelevant
RT @iGainFollows: Put your twitter on autopilot and let it gain followers for you!! http://t.co/hze1TqAl #TeamFollowBack #Twitter #autop ...,neutral
On Google+ then go here http://t.co/VS0UJozD #GPlus #Googleplus #Google #teamfollowback #socialnetwork,neutral
New post: Touch Everywhere http://t.co/KKDup8v1 #microsoft #research #touch,neutral
Objetivo de las PC con #Windows de #Microsoft para estas vacaciones: “home honchos” y “media moderates” http://t.co/C1Nm8mHU,irrelevant
"Microsoft releases developer preview of ""Project Roslyn"" compiler http://t.co/lpb9n510 #Microsoft #beta",neutral
[iPad] iPad 1. Generation generalüberholt ab 389 € @Apple: Der Tablet von Apple bleibt weiterhin recht preisstab... http://t.co/h8ANhAVu,irrelevant
@ferisykes por fi te encuentro en #Twitter :DD,irrelevant
no dijeron si #ICS estara para el galaxy s1 T_T RT @AndrotekRD: #Pregunta...Pro y Contra del evento de #Google?,irrelevant
RT @NielsMoelard: En daar gaan we weer: *pakt vergrootglas erbij* zoeken naar die leuke nieuwe collega! http://t.co/jy7fBeID #vacature # ...,irrelevant
"...now with Siri were talking to our iPhones... how will we ever know if people are really truly crazy? :P 
#iphone4s #Siri #apple @apple",neutral
"#Android Ice Cream Sandwich features face-recognition to unlock your phone, no more entering a pin or password #fb #google",neutral
@Markeenn meu #Twitter ==&gt; @isaiasx19 Sumiu #rsrsr,irrelevant
#fuckyoumean #Pittsburgh don't got the best #twitter.,neutral
Yooooooo #twitter ! @NowThatsBASIC_ is the new #AmberCole who wanna go 1st ? ayyeee she does this shit for a living .,neutral
Microsoft applies for celebrity search patent #microsoft #bing http://t.co/5KfqKfgo #microsoft,neutral
#Windows 8: #Microsoft schafft den Startbildschirm ab... http://t.co/06vsmKdm,irrelevant
"Un nouvel accord signé entre Quanta Computer et #Microsoft
 http://t.co/BHFJAtaT",irrelevant
Dear @Apple iMessage client for desktop please :),neutral
Dr. Ogalinski - El Proyecto #OmniTouch de #Microsoft: todo el mundo es un touchscreen http://t.co/qzt26Gj8,irrelevant
ツイッター検索 #minsyu - モバイル版 http://t.co/EsyvJ7Q7 #twitter #検索結果,irrelevant
"Oiie gente boa madruga kkkk,depois de passar um tempão sem mexer no #twitter agora resolvir mexer de vol... x.x",irrelevant
Y asi cambie las cosas en el #facebook y en #twitter! =D,irrelevant
Google updates Nexus site with Galaxy Nexus details http://t.co/LaSn4ol0  #android #google,neutral
#Microsoft adquiere #Skype por un monto $8500 millones - http://t.co/jZr2WTCE,irrelevant
"""@ClearlyCassi_: I'll never forget the day we met, or how we kissed the first time."" /// I met you on #twitter and I haven't kiss you yet :p",neutral
#TeamFollowBack #TFB #MustFollow #MF #FollowNow #FN #FollowFriday #FF #IFB #Twitter #Follow @all3rgict0y0u @yibumsuk @DatFix @Alleyupi,irrelevant
me acabo de dar cuenta q tengo mas seguidores en #Twitter :D gracias y espero q sigan sumandoo mas y mas :D para seguir aun mas activo aki,irrelevant
#Microsoft Is Getting More Serious About Daily (#Bing) #Deals http://t.co/yt8AW0gK,neutral
On Google+ then go here http://t.co/K6BggvDx #GPlus #Googleplus #Google #teamfollowback #socialnetwork,neutral
Wishing I can sleep all day 2morrow but I got practice... GN #Twitter,neutral
#Job #ICT Verkaufspezialist von Infrastrukturlösungen an Geschäftskunden (w/m): Microsoft Schweiz... http://t.co/admV6cNg #Microsoft #IT,irrelevant
a mimir Nos leemos mañanaa #Twitter Off,irrelevant
"ja volto #twitter , vou na cozinha .",irrelevant
@RashadHurst Pls let us know if you need help w/ music marketing promo. We got #Twitter & #Youtube on lock. http://t.co/fcPBcqLo,neutral
#Microsoft #Cloud GSA Loses $2.5 Billion Cloud Contract Fight: Google recently dropped a case against the D... http://t.co/cObJRw66 #TCN,neutral
نظام جديد .. و جهاز جديد شكراً جزيلاً #samsung #google #android,irrelevant
the announcement is in hong kong....... gotcha #icecreamsandwhich #android #galaxynexus #mynextphone #google #ics #droid,neutral
SO Hinweis: kostenlose SEO Videos  http://t.co/pwldYXVE #google,irrelevant
IHS: iPhone 4S shows key design and component changes. http://t.co/gZmdzvLe  @apple #apple #iphome4S #ios5,neutral
"#Win an @Apple iPod Touch from @Mommy_gaga, get the @Pampers Hello World Baby Memories App! http://t.co/AAP7StHt #PampersHelloApps",neutral
なにやらフォロー制限に引っ掛かったようです…もっとフォロアーを増やさなくちゃ♪　#followme #followmejp #follow #フォロー #japan #日本　#twitter　,irrelevant
iPhone 4S vs Canon 5D MKII. @apple @canon @iphone http://t.co/PvKqad33,neutral
@tvnewschick @apple Oh no! Why not?! I want it to be love-love-love! It's a lot of dough to spend otherwise...,neutral
At @Apple HQ,neutral
Microsoft: “Şanslıyız ki Yahoo’yu satın almadık” - Bilgi Çağı http://t.co/0gAQ1FpQ aracılığıyla @bilgicagi #Microsoft #SteveBallmer #Yahoo,irrelevant
"""Não sou viciada em dorgas nem em alcool mais sou no #Twitter fato""",irrelevant
Smart as hell. The Great Tech War Of 2012 (@fmanjoo / @FastCompany) http://t.co/XiJYUoHZ Fab Four: @apple @google @amazon @facebook,neutral
yeah im gon #twitter but fuck wit me....,neutral
"Non mais WTF !? RT @Twikito Google passe en HTTPS, un drame pour les statistiques http://t.co/gQIhDcEs #analytics #Google via @Zorgloob",irrelevant
#Twitter-off,neutral
"#Twitter es como el alcohol: Empiezas por curiosidad, luego socializar, después por diversión y terminas en adicción. / soy ya alcohólico ;)",irrelevant
Cómo funciona #Google AdWords  http://t.co/8kuFtEVY vía @JuanPittau,irrelevant
@IamTinaThompson @JudgeGregMathis is on #twitter also!!,neutral
Ballmer: We’re beating Google in the cloud http://t.co/YFAmguRF #ballmer #google #microsoft #cloud,neutral
Google Galaxy Nexus http://t.co/vWpuA2gt #google #galaxynexus #android #ICS,neutral
deberia de ponerme a leer un libro en lugar de estar perdiendo el tiempo en #fb y #twitter :(,irrelevant
#Twitter is hella funny when got people on here you grew up with....lmao,neutral
Yahoo! Just received welcome letter to join #TFS Preview. Thanks #Microsoft,neutral
Calling All #IceCreamSandwich Lovers | #Google & #Samsung Like in Hong Kong - A new look at what's new from Android http://t.co/rUkTyUJC,neutral
i update to ios 5 and lose everything on my phone and it wont let me sign into my itunes account... thanks @Apple,negative
RT @FierceCIO: What happens to #Skype now that it is officially #Microsoft's? http://t.co/9FzSH0RY $MSFT,neutral
#Ballmer: We're Lucky #Microsoft Didn't Buy #Yahoo: http://t.co/oHbevXdP | #CEO #John #Steve #Web #acquisition #comment #conference,neutral
#Microsoft lanza sitio oficial de #Skype http://t.co/pl3kPDla,irrelevant
"@Mommy_gaga,  #Win an @Apple iPod Touch and get the @Pampers Hello World Baby Memories App! http://t.co/qEATNMpI #PampersHelloApps",neutral
iPhone 4S First Weekend Sales Top Four Million: http://t.co/Dm4acTYv via @Apple themselves. Big sales for the new phone.,neutral
RT @twandroid: Partage d'apps en NFC #google #nexusprime,irrelevant
Good morning #twitter.,neutral
#google +1 Stickers came with this month's Adsense cheque . http://t.co/AOFYoJmE,neutral
@Victorafrosan X. G. R. ? No pues ni el nombre de tu novia me se como para tener su #Twitter,irrelevant
Kat in het nauw #Microsoft #WindowsPhone :  flink afgeven op  je concurrent #Android  http://t.co/tcDtTnIu,irrelevant
