|Sentiment|,|TweetText|
|positive|,|Now all @Apple has to do is get swype on the iphone and it will be crack. Iphone that is|
|positive|,|Hilarious @youtube video - guy does a duet with @apple 's Siri. Pretty much sums up the love affair! http://t.co/8ExbnQjY|
|positive|,|@RIM you made it too easy for me to switch to @Apple iPhone. See ya!|
|positive|,|The 16 strangest things Siri has said so far. I am SOOO glad that @Apple gave Siri a sense of humor! http://t.co/TWAeUDBp via @HappyPlace|
|positive|,|Great up close & personal event @Apple tonight in Regent St store!|
|positive|,|From which companies do you experience the best customer service aside from @zappos and @apple?|
|positive|,|Just apply for a job at @Apple|
|positive|,|Lmao I think @apple is onto something magical! I am DYING!!! haha. Siri suggested where to find whores and where to hide a body lolol|
|positive|,|RT @PhillipRowntree: Just registered as an @apple developer... Here's hoping I can actually do it... Any help|
|positive|,|Wow. Great deals on refurbed #iPad (first gen) models. RT: Apple offers great deals on refurbished 1st-gen iPads http://t.co/ukWOKBGd @Apple|
|positive|,|Just registered as an @apple developer... Here's hoping I can actually do it... Any help|
|positive|,|‰Ω†Â•Ω ! Currently learning Mandarin for my upcoming trip to Hong Kong. I gotta hand it to @Apple iPhones & their uber useful flashcard apps  ÓîñÓîì|
|positive|,|Come to the dark side üì±‚Äú@gretcheneclark: Hey @apple|
|positive|,|Thank you @apple for Find My Mac - just located and wiped my stolen Air. #smallvictory #thievingbastards|
|positive|,|Thanks to @Apple Covent Garden #GeniusBar for replacing my MacBook keyboard/cracked wristpad during my lunch break today|
|positive|,|@DailyDealChat @apple Thanks!!|
|positive|,|iPads Replace Bound Playbooks on Some N.F.L. Teams http://t.co/2UXAWKwf @apple @nytimes|
|positive|,|@apple @siri is efffing amazing!!|
|positive|,|RT @TripLingo: We're one of a few Featured Education Apps on the @Apple **Website** today|
|positive|,|We're one of a few Featured Education Apps on the @Apple **Website** today|
|positive|,|When you want something done right|
|positive|,|We did an unexpected workshop for the #iPhone4S at @apple yesterday and we got an awesome amount of info #notjustaboutthephone @gamerchik16|
|positive|,|---¬ª RT @Apple No question bro. RT @AintEeenTrippin: Should I get dis iPhone or a EVO 3D?|
|positive|,|RT @imightbewrong: I'm OVER people bitching about the #iPhone4S... I think it's the smartest phone I've ever had and I'm very happy.   : ...|
|positive|,|I'm OVER people bitching about the #iPhone4S... I think it's the smartest phone I've ever had and I'm very happy.   :)  Way to go @Apple!|
|positive|,|@Twitter CEO points to @Apple as 'corporate mentor' as @iOS signups triple http://t.co/GCY8iphN|
|positive|,|@azee1v1 @apple @umber AppStore is well done|
|positive|,|NYTimes: Coach Wants to See You. And Bring Your iPad. http://t.co/J2FTiEnG #iPad @apple set red 42 red 42 hut hut @NFL wish I had an #iPad|
|positive|,|@apple @jilive @DanielPink: Apple sells 4 million iPhone 4S units in first weekend ... Steve Jobs brilliance lives on for ever! #iphone #RVA|
|positive|,|@bkad5161 than apologize to @apple ;)|
|positive|,|@Apple downloads of iOS 5 are proving popular with users  -- http://t.co/NSHLfiUX|
|positive|,|Lmfao look at the argument I had with Siri !!|
|positive|,|Incredible: 4 million iPhone 4Ss in 3 days. 135% better than the iPhone 4 http://t.co/1FMJxTMM @apple #iphone4s|
|positive|,|Well @apple fixed my #ios5 battery drain problem with a replacement iPhone 4 -- it's working like a champ now|
|positive|,|Currently ordering a BRAND NEW MACBOOK PRO!!! Bahhh... my MacBook is 5 years old. I'll miss it. But it's time. cc: @Apple -|
|positive|,|you are so blessed. @apple|
|positive|,|#Siri now knows who my dad|
|positive|,|Well at least the @apple store has amazing call waiting music! #need4s|
|positive|,|#sweet... #apple replaced my glass #probono. thank you @apple|
|positive|,|Not Bad! @Apple Sells Over 4 Million #IPhones in Debut Weekend - Bloomberg http://t.co/AVSl3ygU - #smartphone #sm RT @VinodRad|
|positive|,|loving new technology from @apple iPhone 4s|
|positive|,|I'm loving this new IOS5 update :) @apple|
|positive|,|Another mention for Apple Store: http://t.co/fiIOApKt - RT @floridamike Once again getting great customer service from the @apple store ...|
|positive|,|Time to go get my iPhone 4s.  Looking forward to sticking it to the man by no longer paying for most texts.  Thanks @apple.|
|positive|,|Thank you @apple. My new gf(iphone4s) is great!  She does everything!|
|positive|,|#iCloud set up was flawless and works like a champ! To the Cloud @Apple|
|positive|,|@Wisconsin_Mommy @Apple I'd totally email the company... I always get great service at our @Apple store!|
|positive|,|@apple loving the new IOS5 upgrade for the iPhone!|
|positive|,|Once again getting great customer service from the @apple store at millenia mall.|
|positive|,|Is it just me or is #iOS5 faster for the iPad? @apple|
|positive|,|making the switch from @Android to @Apple #iphone #iphone4S #smartphone #stevejobs (@ Apple Store) http://t.co/kj6pJvkH|
|positive|,|So THANKFUL for the incredible people @apple for going above and beyond and offering to and replacing my  water-damaged Macbook Pro!!! Wow!|
|positive|,|Play on ma man. Loving the camera in the #iphone4s. Well done @apple  #fb http://t.co/tmdFqRe1|
|positive|,|So yeah... @apple #iOS5 #readinglists have changed my life. #nowicanspendevenmoretimeonmyphone.|
|positive|,|@Apple Safari Reader owns the worldwide web|
|positive|,|I love @apple service . My case has cracked 3x and I go in and they hand me a case and I walk out|
|positive|,|Said to have laid out the next 4 years @apple.Jobs last iPhone is 2012 not the iPhone4S. iPhone(4G/5) 2012 is magical! http://t.co/DxxklUBp|
|positive|,|Kind of excited. On my way to my last class right now and then going to the @Apple store|
|positive|,|i used to be with @blackberry over 4-5yrs .. after all the disruptions and lost gigs thx to their service im moving to @apple #iphone|
|positive|,|Apple sells 4 million iPhones in 3 days @apple keep doing what you are doing|
|positive|,|4 millions in a weekend|
|positive|,|.@apple you got me. I'm now invested. MacBook Pro next year. Time to get on selling more of my #android gear|
|positive|,|I just sent my grandma a post card using my #CardsApp thanks @Apple|
|positive|,|@KostaTsetsekas @apple Putting it in the wash is kind of the equivalent to Will it blend? Glad to hear it's still alive.|
|positive|,|God Bless @YouTube|
|positive|,|Been off twitter for a few days as I smashed my iPhone but @apple were very nice and gave me a new one :)|
|positive|,|Thank you @Apple iOS 5 for email pop up on the lock screen and opening it when unlocking.|
|positive|,|One word - #wow. RT @jldavid iPhone 4S First Weekend Sales Top Four Million: http://t.co/Zx5Pw0GT (via @apple)|
|positive|,|RT @MN2NOVA: Love ios5 Easter eggs. Pull down from middle top to bottom and see what pulls down. Awesome little feature! #ios5 @apple|
|positive|,|Love ios5 Easter eggs. Pull down from middle top to bottom and see what pulls down. Awesome little feature! #ios5 @apple|
|positive|,|Love #ios5 Easter eggs. Pull down from middle top to bottom and see what pulls down. Awesome little feature! @apple #lovemyiphone|
|positive|,|Gone for a run|
|positive|,|@apple your simply the best.|
|positive|,|I must admit @apple has made me a very happy camper! I have text tones now! Lol! Ring tone: #MakeMeProud Drakes vers! Text tone: Nicki's|
|positive|,|Day305|
|positive|,|Loving the new iPod update @apple|
|positive|,|@alexlindsay My wife upgraded her iPhone 4. I think Siri alone is worth the upgrade. Looking forward to @Apple continuing to enhance Siri.|
|positive|,|@SteveJobs being honored tonite @Apple...A truly great loss to the world.He will so be missed|
|positive|,|Thx @instagram Thx @apple #hypo #D-76 #tri-x http://t.co/D7EeJHBT|
|positive|,|Loving my new #iPhone4S thanks @apple for #ios5|
|positive|,|@apple the iPhone 4s is great #genius|
|positive|,|@apple Cards app notifies me the card I sent has arrived at local post office and should be delivered today... Sunday. Truly is #magic.|
|positive|,|@apple Siri is amazing|
|positive|,|@rygurl you need an @apple iphone4S with Siri!|
|positive|,|Meet #Siri|
|positive|,|So|
|positive|,|I ‚ô• @Apple http://t.co/a8on3IAa|
|positive|,|@apple just got the new iOS5 upgrade with iMessage...good luck surviving now @BlackBerry|
|positive|,|Loving #iOS5 !! #awesome @Apple|
|positive|,|RT @MattyRiesz: @kathrynyee You were right|
|positive|,|@blackberry boo hiss!............@apple wuhu!!!!!!!! When will my berry powered technology actually work??|
|positive|,|@Apple's Siri is witchcraft.  What's next @googleresearch. 2 yr lead lost?|
|positive|,|@Apple iOS 5 is sweet! Notifications|
|positive|,|RT @katebetts: Another great James Stewart story in today's NY Times about importance of architecture in @apple retail success http://t. ...|
|positive|,|Another great James Stewart story in today's NY Times about importance of architecture in @apple retail success http://t.co/Kniz452s|
|positive|,|Welcome to the twitter world @MarkStuver. This is due to #iOS5 and @apple thanks guys.|
|positive|,|Impressive service @apple genius bar metro centre. Power cable replaced free n booked in for screen replacement for free :- D|
|positive|,|RT @deb_lavoy: the nice guy at the @apple store replaced my phone gratis when I showed him the hairline  crack on the screen. thanks @apple|
|positive|,|the nice guy at the @apple store replaced my phone gratis when I showed him the hairline  crack on the screen. thanks @apple|
|positive|,|My iPhone 4S battery lasted longer than a day. That hasn't happened since my edge iPhone. Nice job|
|positive|,|It would have taken me 15 mins to write this with my #Blackberry. Thank u @Apple 4s for converting me and showing me the grass is greener!|
|positive|,|RT @herahussain: @RickySinghPT got a new backside for my eye phone! V impressed with @apple|
|positive|,|@RickySinghPT got a new backside for my eye phone! V impressed with @apple|
|positive|,|#iPhone 4S in Space http://t.co/jINNHVwz this is amazing #creative @apple your products inspire people to do unbelievable things|
|positive|,|Thank you @apple for making my iPad 2 feel like new again with your new iOS 5!|
|positive|,|Using my awsome iPad... I love it. I love my MacBook too and my iPod. It's all amazing! I love @apple|
|positive|,|@apple iOS 5 upgrade done ...... Much better feature..... Few more feature required|
|positive|,|New iOS 5 update is THE BEST. iloveyou @apple|
|positive|,|Finally got my iPhone 4S|
|positive|,|I absolutely love my iPhone 4S. Thank you|
|positive|,|@apple - you have invented a product that actually gets my brother to call my parents when he gets where he's going. Amazing. #siri #ipod4s|
|positive|,|dammit|
|positive|,|Create new folders from within your photo album in #iOS5|
|positive|,|@Blackberry & @Facebook U R really about to make me throw this @Blackberry in the trash an get an @Apple iPhone! @Facebook upload issues!|
|positive|,|#iOS5 update submitted to @apple! Thanks for all the support!|
|positive|,|I'm amazed at how siri has changed the way I use my phone. I had no idea it would be this good|
|positive|,|Awesome service from the @apple store in pc. Thanks chris!|
|positive|,|RT @To1ne: .@apple thanks for fixing this... http://t.co/wTj1ogDO|
|positive|,|I am crazy about #iOS5 . The photo cropping is the best! @apple|
|positive|,|.@apple thanks for fixing this... http://t.co/wTj1ogDO|
|positive|,|@apple has changed life.|
|positive|,|Mad props to the @apple employee that didn't charge me to replace the back plate on my iPhone! Made my day!|
|positive|,|The #iphone4s is  amazing. Siri's voice recognition is absolutely a step above previous attempts. Bravo @apple|
|positive|,|#iOs5 is nice and as it had to be ! Thanks @Apple|
|positive|,|Good support fm Kevin @apple #Bellevue store 4 biz customers TY!|
|positive|,|Wow I am loving this new @apple update for my touch. #coolness Well done|
|positive|,|@Apple: Siri is amazing!!! I'm in love!|
|positive|,|Love love love iOS 5!! @apple|
|negative|,|RT @cjwallace03: So apparently @apple put MB cap on your SMS with the new update. 25mb storage before it tells you your inbox is full. W ...|
|negative|,|RT @Jewelz2611 @mashable @apple|
|negative|,|@mashable @apple|
|negative|,|@apple why my tunes no go on my iPhone? iPhone lonely without them. silly #iOS5|
|negative|,|@apple needs to hurry up and release #iTunesMatch|
|negative|,|Why is  #Siri always down @apple|
|negative|,|I just need to exchange a cord at the apple store why do I have to wait for a genius? @apple|
|negative|,|@apple AirDrop #fail - Immediate declined your request. every time|
|negative|,|good article about why @apple fucked it all up with lion and their future. http://t.co/zNDP9Vr6 #fb|
|negative|,|Yellowgate? Some iPhone 4S Users Complain of Yellow Tint to Screen http://t.co/uaqrxTNk @apple @iphone4s|
|negative|,|The one #iphone feature still missing since @apple first showed it.. Contacts pictures on the contacts list! Simple yet 5 major updates miss|
|negative|,|Asked siri is she dreams of electric sleep. Was disappointed that she didn't have a snippy answer.  Missed opportunity @apple|
|negative|,|@paulens It surprises me that @Apple throws up an error alert about authorizing|
|negative|,|FUCK YOU @apple DIE IN A FUCKING BLAZE INFERNO.|
|negative|,|Oh|
|negative|,|@ryanbaldwin @apple So in iTunes I go Store -&gt; Authorise‚Ä¶ why doesn't it just auto-authorise it when I sign into iTunes? Grrrr...|
|negative|,|Seriously - I have absolutely no offing clue what @Apple means by authorization|
|negative|,|Boy|
|negative|,|shit|
|negative|,|. @apple & @AT&T u cannot tell me there isn't at least 1 64GB iPhone 4S in LA or Vegas!! Give me a fucking break!!!!|
|negative|,|Love @apple downloads. 4 hours and i-pad now wonky! #ripstevejobs #thenonsensepersists #neednewipadguide #fatfuckingchance|
|negative|,|Dear @apple My new Air is now a notbook since your update killed #wifi #bug #destroying #productivity|
|negative|,|I am so done with @Att and @apple 's profitering and lack of customer service|
|negative|,|It would be great If @Apple would send my new phone. #frustrated|
|negative|,|@apple thank you for ruining my 3GS with #iOS5. You've just turned my phone into an utterly useless pile of shit.|
|negative|,|@rogerweir no but I have the option of a  replacement iPhone 4s ?|
|negative|,|So apparently @apple put MB cap on your SMS with the new update. 25mb storage before it tells you your inbox is full. What is this 2001?|
|negative|,|You know @apple It's been almost a week since I paid for iTunes Match|
|negative|,|removing all @apple shit.|
|negative|,|So @PhoenixSwinger 's iPhone 4 is giving her a hella hard time w/ the iOS5 update @apple|
|negative|,|@Apple can't send me an iPhone preordered 1hr after launching but they cans send 5 or 10 to all the jackasses who want to shoot or blend 'em|
|negative|,|Gotta say the @Apple itouch iphone shuffle etc.. sound quality is AWFUL.. painfully crap. Its been a downgrade from @Sony sound quality wise|
|negative|,|@bisquiat @Apple the upgrade just slows down my phone so much|
|negative|,|@Mayati I think @Apple didn't do such a thorough job with the step x steps for upgrade and move to iCloud. Now it's cost me mightily.|
|negative|,|Hey @apple now I have iOS5 my iPhone doesn't include songs that are on compilation albums under the artist's name. #whaddupwitdat|
|negative|,|@NickTheFNicon He can send but not rcve txts so he has an apt @apple at 4pm.Then he exclaims: And I waited a whole YEAR for this phone!!LMAO|
|negative|,|Total chaos at @apple store regent street. Like an Ethiopian feeding station. Can't believe this is same co. that makes all that cool shit.|
|negative|,|@FishMama: If you made a purchase|
|negative|,|Correction: @ Best Buy kudos to Chris @ Alamo Ranch S.A. TX-fixed issues couldn't resolve after 1/2 day w/ @ATT & @Apple. Hero of my day!|
|negative|,|@phxguy88 @Apple @BGR That's why all the ppl who stand in line for hrs to get the newest model are suckers...|
|negative|,|Would it kill @apple to put a braille type bump on their earbuds so we know which bud is R and L in the dark.|
|negative|,|@APPLE Wow @MOTOROLA Just crushed your dreams....|
|negative|,|Time to play a game called wait at the @apple store forever because the tourists are taking forever with their genius appointments.|
|negative|,|Oh|
|negative|,|@apple|
|negative|,|@Apple|
|negative|,|@Steelo254 yea! I pre-order through @apple and they sorry too just like #AT&T|
|negative|,|Interesting... @apple now requires you to have a reservation ?         #apple #iphone #4S    :  http://t.co/zZK4fTii|
|negative|,|@apple why is my iPhone battery so crappy #fail|
|negative|,|My @Apple @macbook keyboard will not type :(|
|negative|,|Why doesn't @apple iCloud sync Stickies? They've always been around|
|negative|,|@apple|
|negative|,|I hate my @apple computer.  Thats 3500 dollars down the drain.|
|negative|,|@apple my iPhone is charging very slowly!!!!!|
|negative|,|@Apple #iOS5 gm on ipad1 is very slow wash better on beta7/8 solve this problem|
|negative|,|@apple Wish I could pick month|
|negative|,|@Apple iTunes is the worst program ever. For such a great phone|
|negative|,|One would think the voice recognition on the @apple tech support line would work a little better.|
|negative|,|@apple $319 to repair my iPad 2|
|negative|,|@azee1v1 @apple @umber Proper consolidation|
|negative|,|@AsimRang @apple @umber the desktop app is wack though|
|negative|,|I made a reservation and yet I still have to wait in line. Humpt! Oh @apple (@ Apple Store w/ 2 others) http://t.co/JZmVBdNm|
|negative|,|Frustrated that I bought a new macbook pro from @apple only to find it doesnt ship with media! #expensivepaperweight|
|negative|,|Dear @apple. I had to turn off all those awesome featured you just enabled. Data plan can't handle it. 200 mb of data just because #|
|negative|,|#DontBeMadAtMeBecause #Android is by far better than @Apple|
|negative|,|@apple is there a problem with iOS 5 that is preventing audio apps and audio functions from operating properly? I keep losing sound.|
|negative|,|@apple #apple One thing I hater about this #mouse the #buttery finish so fast am not #happy now #macworld @macworld http://t.co/5Uh4a4Vt|
|negative|,|Hey @Apple: stop sending your automatically-depreciate-all-iPhones-older-than-the-4s signal. My #iPhone4 is dying rapidly processor-wise.|
|negative|,|Only thing bad about the new @canon camera is that it has two compact flash cards... not one of SD. SD goes in my @apple computer. Damn you!|
|negative|,|Wtf @apple 64 pages for the new terms & conditions when u update ur apps from the iTunes store. Do u really think we'll read em? Really???|
|negative|,|fuck u @apple|
|negative|,|oh and prolly ganna be late to work bc @apple has screwed me and my phone has my only alarm on it|
|negative|,|why the fuck dose my phone decide its just ganna freeze every time i try to update it so fucking sick of @apple|
|negative|,|. if u need me just text me o wait u i wont get it cuz @apple fucks me every time #fuckingpissed|
|negative|,|Like @apple da fuck is this shit?  http://t.co/nb4DHlSg|
|negative|,|RT @CircusTK: I'm wit chu!! ‚Äú@ShayDiddy: Officially boycotting @ups!!! Calling @apple to curse them out next for using them wasting my t ...|
|negative|,|Damn it @Apple!! Whatchu done to my phone??|
|negative|,|Samsung seeks iPhone 4S ban in Japan and Australia|
|negative|,|@apple|
|negative|,|@apple #iOS.5 has been nothing but a pain in the ass no room for my music.. Or photos.. Or apps! Can I undo this garbage??|
|negative|,|@apple the reservation system not working|
|negative|,|@albertmal88 remember @apple is evil. #icloud entering the #dropbox market|
|negative|,|I know a few others having same issue RT @Joelplane: 9% now on my second full charge of the day. Pissed @Apple|
|negative|,|9% now on my second full charge of the day. Pissed @Apple|
|negative|,|RT @ShayDiddy: @CircusTK @ups @apple both of them are bs!!! How do u tell me go between a certain time ONLY and the muh fuh is closed!|
|negative|,|I'm wit chu!! ‚Äú@ShayDiddy: Officially boycotting @ups!!! Calling @apple to curse them out next for using them wasting my time!‚Äù|
|negative|,|ugh! @apple|
|negative|,|iTunes is @apple's worst product. Worse than the #Newton or the hockey puck mouse. It's utterly painful to use.|
|negative|,|De√°r iCloud I HATE U |
|negative|,|i update to ios 5 and lose everything on my phone and it wont let me sign into my itunes account... thanks @Apple|
|negative|,|Issues with updating iTunes on my windows pc - they really are not compatible.... Sent more time talking to @Apple care than using it!!|
|negative|,|@apple u guys are gay|
|negative|,|Restored my iPhone. STILL NO TEXTS. DEAR @APPLE Y NO LOVE|
|negative|,|none of my apps work after the new ios from @apple. what do i do?!?|
|negative|,|Seemingly endless loop of calls to @apple|
|negative|,|@Wisconsin_Mommy @apple that's terrible!  I hope you get an apology!|
|negative|,|@zombiebomber have been on the phone with @verizonwireless and @apple pretty much ever since then. Really annoyed.|
|negative|,|@chascouponmom @apple I get they are busy w/ the new phone|
|negative|,|@apple @iphone Please deliver my daughter's i4s|
|negative|,|@sprint @bestbuy still no word on my iPhone4s preorder.  Best Buy blames Sprint|
|negative|,|Hey @apple|
|negative|,|Have never had such poor customer service at @Apple before! What happened? (@ Apple Store w/ 2 others) http://t.co/GKlXMUi6|
|negative|,|@Apple your service experience is really fucking slipping (except for cute|
|negative|,|Had ma Ipas not 24 hours an I jailbroke it...now its SHAGGED itunes won't letme restore it @apple SYM!!!!|
|negative|,|@hailfire101 @Irvysan They are... then @apple happened and snatched Siri so they could be douchebags and say 'it's ours!'|
|negative|,|What was @apple thinking making #Siri totally dependent on a network connection? Siri + @ATT = utter frustration.|
|negative|,|Wow the Genius Bar Reservation Line @Apple is ridic right now - ___- I am not amused. #ugh|
|negative|,|Where is my iPhone!?!?!?!|
|negative|,|@apple battery life suck on iOS 5|
|negative|,|An apple update has seemed to render my work machine incapable of opening HDV video. Thanks @Apple. Zero useful productivity today.|
|negative|,|@apple I committed to your cloud storage iDisk and now it's raining :-( so soon no more iDisk.  Any plans for a new service for storage?|
|negative|,|Hey @apple why can't I share a reminder list from my iPhone?|
|negative|,|Apparently fuzzball crashes on #iOS5. Congratulations @apple on another incompatible upgrade|
|negative|,|could @apple lion please integrate vertical spaces in mission control. this horizontal business is making me nauseous|
|negative|,|Can someone plz explain to me whhyy @apple is only distributing 2-3 phones per day to the sprint stores. I'm really ... http://t.co/uf9taK8f|
|negative|,|GAH. @apple iOS 5 opens text messages painfully slow|
|negative|,|Dear @apple: Why did all my PDFs and ePub files disappear from ibooks in my iPhone post ios5 upgrade? This hurts. #3GS #needsomethingtoread|
|negative|,|‚Äú@CBM: Lies @apple. the battery on this new iPhone4S is definitely not any better.‚Äù &lt;&lt; check Settings: 8 times more App usage in iOS 5|
|negative|,|As a huge podcast fan - I really feel like @Apple dropped the ball on this one. http://t.co/wvzPrbCI via @Carrypad|
|negative|,|I don't really like Siri's voice. Perhaps @apple can get Star Wars voices just like @garmin http://t.co/pSUJg9pN|
|negative|,|‚Äú@carlton858: I really hate dealing with the brain dead people at the @apple store. For such good products|
|negative|,|I really hate dealing with the brain dead people at the @apple store. For such good products|
|negative|,|You can make photo albums in the Photos app with iOS 5|
|negative|,|Anyone else seeing missing signal bars on their #iPhone 3GS with an upgrade to #iOS5? cc/ @applecanada @apple @forstall|
|negative|,|RT @CBM: Lies @apple. the battery on this new iPhone4S is definitely not any better.|
|negative|,|Updating to IOS5 with my regular iphone4 just made it slower and messed up.. @apple give me a free 4S and we can call it even|
|negative|,|@apple If you want to know what customers think dont send updates with the noreply return address. Who invented that anyway. #useless|
|negative|,|Every time I try the voice control on my iPod Touch to send an iMessage|
|negative|,|should be studying/ doing work but no I'm hold with @apple HURRY THE FUCK UP! #nopatience|
|negative|,|Ok Hindi keyboard in #iOS5 is something to cheer about.  But @apple  what about  support for 20+ missing Indian languages!? #FAIL|
|negative|,|RT @ScottDugas: Warning: if iphone apps spontaneously loose data|
|negative|,|@betweensundays Ah! Yeah...should be an option...hopefully @apple figures that out. Thx|
|negative|,|Waiting for items to copy in Itunes after everything DID copy goes on|
|negative|,|@Apple unhappy again with service/product quality. Won't buy @Apple again.|
|negative|,|Lies @apple. the battery on this new iPhone4S is definitely not any better.|
|negative|,|‚Äú@philipgrey: dear @apple|
|negative|,|Been on hold with @apple customer service for 25 minutes. Wow|
|negative|,|@Apple you're killing me. Excited about iOS5 no longer- tragic battery drain|
|negative|,|1st impressions  of #iOS5- Disappointed w upgrade restore. Lot of apps & folders missing @apple do  how much time went in2 orging it? #fail|
|negative|,|@PrJusto Don't question the @Apple they will remember your dissent!|
|negative|,|@apple: Multiple times siri is having trouble connecting to the network.  Siri needs servers (and some exercise!)|
|negative|,|RT @JimMcNiel: if @apple does not resolve the #Siri network issues they will need to rename a great product to Sorri - Who else is havin ...|
|negative|,|dear @apple|
|negative|,|Ugh. WTF is up with all the bottlenecks @paypal @apple?|
|negative|,|+1  RT @Doug_Newton: @apple PLEASE FIX #Siri!!!! She can't connect to your network!!!!!!!|
|negative|,|@apple PLEASE FIX #Siri!!!! She can't connect to your network!!!!!!!|
|negative|,|if @apple does not resolve the #Siri network issues they will need to rename a great product to Sorri - Who else is having issues?|
|negative|,|any chance @apple will release good headphones that dont blast music outside the ears? #iphone #ipod its quite obnoxious|
|negative|,|@Apple - #Siri is not working due to network problem? Seriously? Can you fix this? #iPhone4s #Fail|
|negative|,|@trisha_ps @iCloud is Cloudy. @apple tech|
|negative|,|@electricsoup It has to connect to @Apple to process commands|
|negative|,|See @Apple|
|negative|,|This. RT @bonkoif Looks like @Apple did not appropriately project the resources needed for Siri. Not very reliable|
|negative|,|Looks like @Apple did not appropriately project the resources needed for Siri. Not very reliable|
|negative|,|Spoke to an @Apple rep on phone & could hear her tv blaring in the bg.  She said|
|negative|,|What's wrong with Siri today @apple|
|negative|,|@Apple Siri is down!|
|negative|,|I'm suspecting @Apple timed the health-decline of my iPhone 4 perfectly with the iPhone 4s release... My battery is seriously ailing.|
|negative|,|on hold for another half hour. phone is ringing but no one is picking up.@apple you stink.|
|negative|,|Ok this @Apple software update for the #iphone is taking waaaaay too long!|
|negative|,|@jane73 @Gazmaz hopefully it's a small bug @Apple must be fixing it. RIGHT  APPLE }:0( |
|negative|,|@samsung|
|negative|,|@Apple - why do I have to have apps I am updating in their original 'folder' location? That was painful.|
|negative|,|@apple domain fail. Open 2 hrs late for walk in ppl. Store was empty and i only need a skin 4 my screen. You represent customer service FAIL|
|negative|,|@BrianMincey @apple the chipsets tear through battery life. Coworker has a htc thunderbolt that he gets about 3 hours of life.|
|negative|,|I wish the Apple updater would stop trying to ram iTunes down my throat. I don't own a pissing iPhone @apple|
|negative|,|Just searching with my voice on my 2 year old nexus one @apple.|
|negative|,|@apple|
|negative|,|Thanks to a 90 minute wait on hold|
|negative|,|I am very upset about and inconvenienced by this iphone update failed backup. @iphone @apple|
|negative|,|but seriously @apple finance me a damn phone you greedy bastards! OR Santa...get your jolly ass in gear and get us a 4S - white plz|
|negative|,|My schedule is 2 busy 2 spend UNquality time with @ATT @Apple 2 recover Iphone again-The mo' mobile I get the mo' immobile I is. Sync Not!|
|negative|,|Pondering the iOS update... From the sounds of @MikeFerri's difficulties|
|negative|,|@twalve @apple you know the issues they have with DST and alarms :p|
|negative|,|Why book @Apple Genius Bar if after 2.5 hours you still can't be served. Disappointing Apple Store Sydney. #thanksfornothing|
|negative|,|Apparently @Apple genius training doesn't extend to clocks & service. They're half an hour late for my appointment and couldn't let me know?|
|negative|,|Wow. iCloud's mail is down. 1st the iOS 5 upgrade issues and now this. I really hope this isn't @apple without Steve Jobs.|
|negative|,|@apple  why don't you guys test your upgrades before you put them out. 15 1/2 hrs u guys wasted of my time yesterday. Thanks.|
|negative|,|what is going on with all my @Apple products?! First my #iPad freezes (still is frozen) and then my #iPhone won't turn on!!! #techieTroubles|
|negative|,|#iPad in perpetual restore loop after trying to upgrade to #iOS5 :(|
|negative|,|2nd @apple genius apptment running late 2nd day in row for 2nd dodgy iPod . You make mega $$$ hire some staff.|
|negative|,|It took @apple about 7 years just to figure out how to properly syncronize an iPhone.  WOW!  #ios5|
|negative|,|@apple So I went to the 5th Ave store and was told I could wait about 4 hours to get a 4S. Needless to say I'm back at the hotel relaxing.|
|negative|,|Terrible customer service at Los Gatos @Apple! Why do I have to pay $199 for a bad home button on my iPhone?!?|
|negative|,|@Apple thank you for sucking so much. I cannot believe you would sell something online that isn't made|
|negative|,|Having major battery drain issue since updating iPhone 4 to iOS 5.  Anyone else? @AppStore @iPhone @apple|
|negative|,|Dear @apple please send me my Mac Book back surely the repair is done by now... Thanks!|
|negative|,|@Apple|
|negative|,|@Apple|
|negative|,|Iphone 4s siri doesn't work for shit @apple|
|negative|,|Clarence Thomas must have designed the new OSX lion|
|negative|,|@semilshah yeah except that when you ask for a receipt|
|negative|,|Bummer!  My @Yahoo! iPad fantasy football app keeps crashing; not sure if it's the app or the new @apple iOS 5. Only two apps running.|
|negative|,|@Apple can suck my dick gotta restore my ipad #annoyed|
|negative|,|@nansen Man|
|negative|,|Dear @Apple Contacts|
|negative|,|Is it too much to ask which app is incompatible|
|negative|,|Pissed with whoever designs keyboards with @apple for not having a home and end key.  working on the CLI i use those keys often|
|negative|,|@NoVaTyler @apple Most of mine are gone too! Not recovered after I saved them b4 I upgraded my iPhone! Soooo pissed!|
|negative|,|hey @apple do you wanna fix my fucking playlist order|
|neutral|,|@Late_Show I would have watched but the folks at @apple have a jihad against adobe flash. Plse consider a YouTube link in future on UR site|
|neutral|,|RT @rdingwell: .@Apple has a record quarter and because a bunch of professional guessers (aka analysts) wanted more|
|neutral|,|Hey @apple|
|neutral|,|.@Apple has a record quarter and because a bunch of professional guessers (aka analysts) wanted more|
|neutral|,|@Apple how fun wouldn't it be if it was possible to integrate  ( soon to be named ) with notifications?|
|neutral|,|Interesting read on war b/w @Apple & @Samsung- http://t.co/Vt9d24Yi -using latter|
|neutral|,|RT @adamnash: The takeaway from the @Apple earnings call?  Even Apple needs a new iPhone release every 12 months to stay competitive. cc ...|
|neutral|,|The takeaway from the @Apple earnings call?  Even Apple needs a new iPhone release every 12 months to stay competitive. cc: @hblodget|
|neutral|,|Today's headline: @apple reports lower 4Q earnings. Headline in 3 months: @Apple reports record Q1 earnings.|
|neutral|,|Win an @Apple iPod Touch from @Mommy_gaga|
|neutral|,|Is it JUST a coincidence that @Apple named their virtual assistant after Tom and Katie's robot daughter?|
|neutral|,|Good or Bad results for @Apple ? Depends on who you ask apparently http://t.co/yDH8ffxE|
|neutral|,|Interesting times when increasing your revenue from $20B to $28B in a recession is considered a disappointment. @apple|
|neutral|,|@Apple Would much rather get outta this having a ( see pic ) and have fun with this  Have your friends choose music http://t.co/7IiHbr4J|
|neutral|,|RT @CRMStrategies: Great Tech War of 2012 http://t.co/64jGRoBp @FastCompany profiles @Amazon @Apple @Google @Facebook on @CNBC /ht @phil ...|
|neutral|,|@apple gonna see if anyone stayed logged into their fb or twitter #TroubleMaker|
|neutral|,|If you've been struggling to get hold of me|
|neutral|,|Hey @Apple|
|neutral|,|Amazing story of @dropbox and @apple http://t.co/r4oDCwvY|
|neutral|,|Great Tech War of 2012 http://t.co/64jGRoBp @FastCompany profiles @Amazon @Apple @Google @Facebook on @CNBC /ht @philsimon|
|neutral|,|@Jake_Gyllenhaal So you've made up with @Apple?|
|neutral|,|@Apple to shut stores!!! C'mon|
|neutral|,|@Motorola is the Best Android-powered company that is going against @Apple.|
|neutral|,|@apple #readyfor5.0.1 http://t.co/M2FqakYr|
|neutral|,|This is what I have been waiting for RT @Apple The last big project Steve Jobs was working on was the new cranial insertion device: iMplant.|
|neutral|,|Apple Users Get The official Kalifornia Cavi App on your Apple Device now on  - powered by @Apple - Download it free http://t.co/HlGnvlRw|
|neutral|,|The official Kalifornia Cavi Mobil App is now available on the app store - powered by @Apple - Download it free http://t.co/HlGnvlRw|
|neutral|,|#Win an @Apple iPod Touch from @Mommy_gaga|
|neutral|,|@Apple #RIPSteve RT @davepeck: Steve Jobs and the Seven Rules of Success http://t.co/4nLRLdWy|
|neutral|,|Stay young|
|neutral|,|Dear @motorola|
|neutral|,|RT @hofmania: I just paid someone to wait in line at the @apple store this morning for me on @zaarly #putapriceonconvenience #iphone htt ...|
|neutral|,|@apple Or @Microsoft Buying Out @RIM ?|
|neutral|,|@apple Why don't you have a wireless remote for Keynote presentations w a MacBook Air?  Nobody wants to see the pith man navigate w a iPhone|
|neutral|,|RT @HaendelBalzora: dear @apple please invent FaceTime Voicemails. sincerely|
|neutral|,|#Win an @Apple iPod Touch from @Mommy_gaga|
|neutral|,|dear @apple please invent FaceTime Voicemails. sincerely|
|neutral|,|RT @jesperordrup: Hi @apple. Household has 4 iphones|
|neutral|,|Couldnt help it & explored the #iphone4s @apple store & talked to #Siri... Should've tried to speak to her in French?! #nexttime|
|neutral|,|@ATTCustomerCare @att @apple I already have an iPhone 4 with an ATT contract. Can I buy a factory UNLOCKED iPhone 4S with my contract?|
|neutral|,|RT @HowardMortman: .RT @edatpost: .@Apple fan Eric Holder spotted at the Genius Store http://t.co/7vZSIXpy|
|neutral|,|Hi @apple. Household has 4 iphones|
|neutral|,|RT @edatpost: Bah! Genius BAR // RT @edatpost: .@Apple fan Eric Holder spotted at the Genius Store http://t.co/FTLttLPn|
|neutral|,|#motoactiv? Methinks @apple and maybe @Nike are already prepping lawsuits|
|neutral|,|Check this video out -- moe. plays Live on iPads. Video dedicated in memory of #SteveJobs http://t.co/XSiyDnqu @ipad @mac @apple #brilliant|
|neutral|,|Bah! Genius BAR // RT @edatpost: .@Apple fan Eric Holder spotted at the Genius Store http://t.co/FTLttLPn|
|neutral|,|Evolution of @Apple Ads 1975-2002: http://t.co/QTOqOZ42 @thesavoia #stevejobs #tech #art|
|neutral|,|@apple #siri http://t.co/k7b686hX|
|neutral|,|.RT @edatpost: .@Apple fan Eric Holder spotted at the Genius Store http://t.co/LCTPxHF5|
|neutral|,|RT @edatpost: .@Apple fan Eric Holder spotted at the Genius Store http://t.co/FTLttLPn|
|neutral|,|RT @edatpost: .@Apple fan Eric Holder spotted at the Genius Store http://t.co/OshPyV2G|
|neutral|,|.@Apple fan Eric Holder spotted at the Genius Store http://t.co/FTLttLPn|
|neutral|,|RT @DailyDealChat: @bidmyway I like your app for the @apple iPhone very simple and easy to use!|
|neutral|,|@bidmyway I like your app for the @apple iPhone very simple and easy to use!|
|neutral|,|Thanks|
|neutral|,|Noticed how @apple has added the like & tweet icons on their page? http://t.co/PZoNZeC8 #like #facebook #tweet|
|neutral|,|@rtimbuc thx for publicly coming out out of the @Apple closet ... :)|
|neutral|,|Win an @Apple iPod Touch from @Mommy_gaga|
|neutral|,|@RIM to release new generation of phones in the new year to contend with @Apple... Hmmm.|
|neutral|,|RT @TimjwDowning: #iOS 5  is a great system but it's taken all day to download @apple|
|neutral|,|Using @Apple's mobile @AirPort Utility http://t.co/TiDpaHYC|
|neutral|,|@Dropbox balked at acquisition by @Apple. My apps thank them. :)  http://t.co/VsYPl9Xu|
|neutral|,|These cos are worth billions: @Apple|
|neutral|,|Just when #TomCruise thought he had a unique name for his daughter|
|neutral|,|I wonder If the person who has @apple is holding out for apple to buy it from them|
|neutral|,|iOS 5 for iPhone and iPad is Here: Apple's Best Release Yet?  http://t.co/iLYGZ5Ox #ios5 #ios @apple #ipad #tablet|
|neutral|,|The 'Great Tech War': @Apple|
|neutral|,|@BeeeThree I am aye|
|neutral|,|How the community saw #SteveJobs - 12 Most #Community iCelebrates Steve Jobs - http://t.co/jJRwIvmc @Apple|
|neutral|,|RT @aplusk: Sending love & light to everyone @Apple & the entire Jobs family.Today we lost a Giant who will be missed even by those who  ...|
|neutral|,|@apple store NY|
|neutral|,|Attending #mobilemem |
|neutral|,|Tell how Steve Jobs & @Apple changed your life and $5 will be donated to Pancreatic #Cancer Research! @PanCAN @Pan_Act http://t.co/BWzganje|
|neutral|,|yeah|
|neutral|,|picking up my #iPhone4S in two hours @Apple!|
|neutral|,|@DickCostolo says daily #twitter signups have TRIPLED since the new @apple #iphone4S came out|
|neutral|,|yes|
|neutral|,|@azee1v1 @apple @umber Better file info/easier to get to|
|neutral|,|@AsimRang @apple @umber well so far ive seen it for apps|
|neutral|,|Hello again|
|neutral|,|@AsimRang @apple @umber when you upgrade to ios5 there is a section in app store which lets you download anything you have purchased before|
|neutral|,|@Apple|
|neutral|,|@AsimRang @apple @umber the podcasts feature works just fine|
|neutral|,|‚Äú@NoVaTyler: @Foreverfit4u amazing how quickly apple went down the poop tube‚Äù It couldn't have 2do w/operator error! #sarcasm Still ‚ù§ @apple|
|neutral|,|RT @Apple We destroying you next RT @therealterica: Duh #TeamAndroid RT @JuanHustle I got a feeling we living in the last days of Blackberry|
|neutral|,|@KaeKaed @Apple Here is an easy way to put Newsstand in a folder http://t.co/yVXmWIbI|
|neutral|,|#Win an @Apple iPod Touch from @Mommy_gaga|
|neutral|,|Been MIA from Twitter.. But now Tweeting from my new @apple iPhone! :) #finallycool #notreally well|
|neutral|,|@Mommy_gaga|
|neutral|,|I wonder if @Apple OSX will get built-in @Twitter @support like iOS5. That would be very helpful at the moment.|
|neutral|,|Spell check needed when saving documents - fingers crossed Steve Jobs left that nugget of technology behind on the @Apple to do list. :)|
|neutral|,|@Apple Stores to close for one hour on October 19 to watch #SteveJobs #memorial http://t.co/fbjqb5RA via @9to5mac #tech #porchista|
|neutral|,|iPhone 4S vs Canon 5D MKII. @apple @canon @iphone http://t.co/PvKqad33|
|neutral|,|@Samsung wants to ban @Apple iPhone 4S in Japan and Australia. http://t.co/hWA4tWIc #smartphonewar|
|neutral|,|Siri says some weird things | This is my next... http://t.co/H8n7caSg via @verge @hasanga @mohoisham @apple #Siri #LMFAO|
|neutral|,|@apple karaoke ceel w/ @nandamaulida @putriasmara @galuhoktriana @milatus :p|
|neutral|,|The four American companies that have come to define 21st-century on the verge of war. @Amazon @Apple @Facebook and @G‚Ä¶http://t.co/PxUlr5dw|
|neutral|,|I have 4 @Apple products...|
|neutral|,|@SamsungMobileUS @Apple would disagree with you right now.|
|neutral|,|Stay hungry|
|neutral|,|RT @thejjmg: My friend @bm88 found this article on the #ios5 battery drain problem http://t.co/Iqa0ipVt @Apple ah mines being sinking...|
|neutral|,|iSteps @apple store bologna http://t.co/WjjBq7Ae|
|neutral|,|How I manage my businesses/life: @pivotaltracker|
|neutral|,|Notes for Jobs @Apple store in Palo alto downtown. http://t.co/4BJjfq4h|
|neutral|,|Just realized Apple doesn't even have @Apple on lock. This dude R.J. Pittman waiting for thee fattest check.|
|neutral|,|Hey @Apple|
|neutral|,|Dear @Apple‚Ä¶ If I make love to iCloud will ALL THE THINGS have my babies?|
|neutral|,|POLL: http://t.co/GcrpUKwF Q:R U pissed @Apple banned this video? #Apple #iPhone4S #Siri #F8ball|
|neutral|,|POLL: http://t.co/9q2Er1w9 Q:R U pissed @Apple banned this video? #Apple #iPhone4S #Siri #F8ball|
|neutral|,|More Twitter buzz for Apple Store: http://t.co/hLybd7uc - RT @ji_lee started out as a trip to the @apple store. turned into a spontaneou...|
|neutral|,|My friend @bm88 found this article on the #ios5 battery drain problem http://t.co/zMX85Fkd @apple|
|neutral|,|#Win an @Apple iPod Touch from @Mommy_gaga|
|neutral|,|Dear @apple|
|neutral|,|You know you've gone @Apple overboard when you misread a @Yelp review as iPad Thai. #fb|
|neutral|,|started out as a trip to the @apple store. turned into a spontaneous fun evening w @MolleyMoody. we danced while trying on outfits. #girls|
|neutral|,|RememberiN wen @apple and @blackberry were just fruit|
|neutral|,|The new @apple #find my friends app is great.... except the part where you have to log in everytime. Get back to me when this is changed...|
|neutral|,|One thing I want from #ios is searching in the add bar similar to what Firefox or droid phones do. But thnx for a talking Google @apple ...|
|neutral|,|Gee|
|neutral|,|Would you look at that.. @SouthwestAir does @Apple style welcomes as well. http://t.co/t0TrFnk8 #customerappreciation #custserv|
|neutral|,|RT @fredbenenson: Hey @twitter and @apple|
|neutral|,|got the new @apple update|
|neutral|,|A brick n mortar @Google store? Coming soon to London|
|neutral|,|Hey @twitter and @apple|
|neutral|,|If the iPhone 4 case fits the 4S why is @nlevenbrown @apple buying a new one?|
|neutral|,|@apple store to get my phone fixed... ppl lined up for 4s http://t.co/aUHQLiVy|
|neutral|,|@Apple why no Macbook mirroring onto AppleTV via #Airplay?|
|neutral|,|@ATT just so I have this right.I pre-ordered an iphone last wk and it will be here in a month. I could buy in an @apple store today.really?|
|neutral|,|@apple please bring back the old Siri app for us old school iPhone 3 users!|
|neutral|,|Upgrading my #iPad to #iOS5. When @Apple said it could take a couple of hours to install and restore it|
|neutral|,|Yeah|
|neutral|,|POLL: http://t.co/Wu6EsvT5 Q:Should @Microsoft consider making its own hardware for #Windows like @Apple does? #Microsoft #Windows #Appl ...|
|neutral|,|POLL: http://t.co/tZBleGaQ Q:Should @Microsoft consider making its own hardware for #Windows like @Apple does? #Microsoft #Windows #Appl ...|
|neutral|,|@ATTCustomerCare @att @apple I already have an ATT wireless line. Can I buy a factory unlocked iPhone 4S with my contract?|
|neutral|,|Lol bet that Android couldnt do that  RT @ceejay3k: I promise this iPhone been at 1% battery for the last 3 hours. I see you @apple.|
|neutral|,|I promise this iPhone been at 1% battery for the last 3 hours. I see you @apple.|
|neutral|,|@APPLE freaks is Siri available for Iphone 4 yet?|
|neutral|,|#Iphone5 can you please make The battery last longer thanks @Apple|
|neutral|,|U know the @apple company are giving out 500 iPads because Steve jobs past away|
|neutral|,|Found out the hard way today that @webex does not work with @apple ios5 yet when you are following a link for a meeting..|
|neutral|,|RT @shanmoorthy: Next year is going to be really interesting in tech as @Google|
|neutral|,|Saw that @apple is covered with msgs 4 steve jobs. Nice to kno ppl r still saying #thankyousteve|
|neutral|,|iPhone 4 S now RESERVATION only|
|neutral|,|@apple must be launching a #searchengine - imminent surely. #AppleSearch #AppleCore #bigapple haha! Please be the latter|
|neutral|,|@FastCompany - The Great Tech War Of 2012: @Apple|
|neutral|,|Apple sold 4 million iPhone 4S units on first weekend - Appletell: http://t.co/vs5r1oox #iPhone4S @Apple #fb|
|neutral|,|@Apple please put the Tab button back in Pages for iPad. That hold my finger down|
|neutral|,|Apple shares hit new all-time intraday high: http://t.co/uY35rrRU #win @Apple|
|neutral|,|RT @FaithMcNally: @RhiannaRaee hanging @apple in tacoma listening to the beatles!|
|neutral|,|@RhiannaRaee hanging @apple in tacoma listening to the beatles!|
|neutral|,|In front of the @apple store. So many blue shirts I feel like I'm at a smurf reunion. #iPhone4S|
|neutral|,|A must read article on @fastcompany about @Apple|
|neutral|,|@cnbcfastmomey what price should I sell @apple for|
|neutral|,|Hey @Apple|
|neutral|,|#SteveJobs memorial at the Leawood @Apple store. http://t.co/UVgb05G6|
|neutral|,|Hey @apple why is Siri not available for the Mac?|
|neutral|,|waiting for Jacob @fairview @apple storeee|
|neutral|,|#Win an @Apple iPod Touch from @Mommy_gaga|
|neutral|,|iPhone 4S First Weekend Sales Top Four Million: http://t.co/Dm4acTYv via @Apple themselves. Big sales for the new phone.|
|neutral|,|Iphone: Watch Siri &quot;Work&quot; On the Old iPhone 4 - @Gizmodo http://t.co/dGPWL0r0 @apple allow commands from iPhone 4. Stop playin!|
|neutral|,|@WIREDInsider beautiful|
|neutral|,|Dear @apple: Integrated tweeting in ios5 RAWKS. Plz consider adding @ and # lookup like @twitter app. Thx! http://t.co/5uHsTEPz|
|neutral|,|Easiest way to use Evernote with iPhone 4S Siri. Just tell Siri to Email Evernote and say your note. @evernote @apple #evernote #siri|
|neutral|,|@brady I am surprised @apple did not think of/anticipate that......|
|neutral|,|#iMessage is here wid iOS5 RIP #BBM @cultofmac @apple|
|neutral|,|It's a good thing @apple has not came out with an iCar because I would be in line for one and im sure it would be expensive|
|neutral|,|RT @carlmilner: RT @petapixel: iPhone 4S vs Canon 5D Mark II - A side-by-side comparison of 1080p HD video: http://t.co/qMyMIV7z &lt;&lt ...|
|neutral|,|@apple @internode #icloud #ios5 #piracy omg no wonder ive used all my downloads!!|
|neutral|,|@apple Iphone's & Ipad's beautiful technology but alltogether mainly a marketing platform. It's obscure is'nt it? Apple lost it's touch.|
|neutral|,|@JarjarTee @apple That's really good. Makes you happy to pay the infamous @apple tax :)|
|neutral|,|Hall Pass had me rolling...... @Apple bee's lookin for nookie really|
|neutral|,|@coatgal @apple considering his circumstances - suffering faults on/off for long periods -They replaced his phone with a new as a  goodwill|
|neutral|,|@coatgal @apple Paul had a chat with an advisor explained the problem : cost ¬£120 repair !!|
|neutral|,|#Steve #Jobs #Tribute iPhone 4S Cases Now Available #iphonecases|
|neutral|,|@coatgal had a really interestng experience up in the @Apple store though|
|neutral|,|@Apple's Success is Also #Google's Gain as #Mobile #Advertising Balloons http://t.co/0400ynQY|
|neutral|,|@_alastair w/ respect|
|neutral|,|@jackiestone1 yes! Tech peeps talk so much about algorithms|
|neutral|,|The great tech battle ft @facebook @amazon @apple and more http://t.co/ws4lWWXy via @fastcompany|
|neutral|,|Another shrewd business model move by @Amazon http://t.co/OQJRRYFq Rooting for the dark horse in the @facebook @google @apple war? #tech|
|neutral|,|RT @Apple sells 4 million iPhone 4S in 3 days http://t.co/vElmtzNS via @reuters|
|neutral|,|Flowers & Apples shower the Santa Monica @Apple store in honor of #SteveJobs http://t.co/xGf60gMs|
|neutral|,|is it me or @blackberry is begging ppl not to go @apple #iphone http://t.co/X3gdBUyK|
|neutral|,|Do people loved Steve? Check out this photo from @Apple store http://t.co/jIqBGghC|
|neutral|,|RT @petapixel: iPhone 4S vs Canon 5D Mark II - A side-by-side comparison of 1080p HD video: http://t.co/qMyMIV7z &lt;&lt;@apple Wow!!|
|neutral|,|Why @Apple so valuable|
|neutral|,|Head to our FB page for a link to the @Apple Community Support Page detailing how to turn off #newsstand auto renewal.|
|neutral|,|@apple y u run out of 64gb iPhone!? Now I have to settle for 32gb. Saved 100$ though(:|
|neutral|,|@apple is profiting a min of $400 per 4s.  They sold 4 million this weekend. That's another 1.6 Billion to Apples coffers! #worldRecession?|
|neutral|,|Big mo: In one week|
|neutral|,|@learmonth @Cue improves iMessage + engages @Apple content partners' customers better http://t.co/hhkvlwFB with social activity messaging|
|neutral|,|@Twitter returns a Error 500 when we try to post the link to @Apple Support Community detailing how to turn off auto renewal subscriptions.|
|neutral|,|RT @kvox: Smart as hell. The Great Tech War Of 2012 (@fmanjoo / @FastCompany) http://t.co/XiJYUoHZ Fab Four: @apple @google @amazon @fac ...|
|neutral|,|@philipgrey @apple it's kinda sad that's the most relevant tweet I've seen today. Or kinda awesome. I'm not sure. #DevProblems|
|neutral|,|Too bad I'm not an @Apple junkie. #icloud #apple #ios5|
|neutral|,|@Apple buried the ability to manage #newsstand subscriptions under App Store Settings. This is inconvenient at best.|
|neutral|,|Smart as hell. The Great Tech War Of 2012 (@fmanjoo / @FastCompany) http://t.co/XiJYUoHZ Fab Four: @apple @google @amazon @facebook|
|neutral|,|Smh at @ItsTheSituation for trying to cut in line for a 4S. Cmon mayne if @Apple's cofounder stood in line then you are too.|
|neutral|,|Go big or go home @Apple users - here are some apps that make your #4s iPhone s-s-super http://t.co/t74BQyim via @mashable - MS|
|neutral|,|But @Apple|
|irrelevant|,|Casi 30 a√±os usando PC|
|irrelevant|,|Ud alguna vez ha llamado al servicio de @apple support? Se nota!! Con razon le gusta apple : @|
|irrelevant|,|@waze_it @macneo Bellissimo video. Sono sempre pi√π convinto di prendere un @Apple iPhone e gettare via il @Nokia N97 che mi ritrovo.|
|irrelevant|,|ipad: mi aparato favorito de la vida frase celebre de Azay Carrasco @apple #ipad|
|irrelevant|,|Cenaze nedeniyle kapalƒ±yƒ±z' @apple  http://t.co/j4L892Kk|
|irrelevant|,|Dancing bear @apple store Lincoln center http://t.co/XBmjUpMq|
|irrelevant|,|#BlackBerry #RIM esta tratando de abarcar el mercado imitando a android y en ciertas cosas a @Apple pero sinceramente no creo que llegue :)|
|irrelevant|,|sail phoenix next stop----&gt; after quimera rock @apple house|
|irrelevant|,|che palle sto cacchio di #WP7 di merda con un #Whatsapp che funziona di cacca per colpa del sistema di #notifica! @apple send me an #iphone|
|irrelevant|,|Twitter int√®gr√© dans ios5|
|irrelevant|,|Chill lol RT @apple: üòÇüòÇüòÇüòÇüòÇüòÇüòÇüòÇ RT @Styl_Standin: What is imessage??|
|irrelevant|,|@LennyDubz you do know that @apple is not the company. and why u blasting me on #twitter???|
|irrelevant|,|@bassponton @iphoneclub @kpn @iphone @apple ja. En dan heb je voor dat geld ook nog een datalimiet....|
|irrelevant|,|Kan @Samsung och @Apple sluta sl√•ss om kunderna i r√§ttssalen och med v√§rldens b√§sta produkter ist√§llet s√• blir det mycket b√§ttre!|
|irrelevant|,|Y @Apple? @BlackberryVzla: RIM anuncia m√°s de 150 millones de dispositivos Vendidos|
|irrelevant|,|Fullscreen √ºberall nur der #AppStore hat keine Option daf√ºr. Warum? @apple|
|irrelevant|,|Love how  @rogersbiz tell u they're not allowed to sell the 4s for $ more than @Apple but yet want $100 more for the 64G|
|irrelevant|,|Me acabo de convertir en un #fanboy de @apple. El ipad2 con el cristal roto y me lo cambian aunque no lo cubre la garant√≠a. Incre√≠ble!|
|irrelevant|,|Complimenti sinceri ad @apple per #IOS5 va benissimo su #iPhone e #iPad|
|irrelevant|,|RT @supaluga: RT @modalnho: New mov: „Ç∑„Éß„Ç¶„Ç±„Éº„Çπ@apple store ÈäÄÂ∫ß Ë®òÈå≤ / starring:ichiro_|
|irrelevant|,|Apple vende 4 millones de iPhone 4S en tres d√≠as http://t.co/FH5T5Mi6 #turismo #martesviajero @apple|
|irrelevant|,|Mooi verhaal over @Dropbox en hoe zij een geweldig aanbod van @apple Steve Jobs hebben geweigerd in het verleden. http://t.co/eARoBIne!|
|irrelevant|,|@imightbewrong @apple @inthequeencity #teamapple|
|irrelevant|,|RT @modalnho: New mov: „Ç∑„Éß„Ç¶„Ç±„Éº„Çπ@apple store ÈäÄÂ∫ß Ë®òÈå≤ / starring:ichiro_|
|irrelevant|,|Verzoek aan @apple voor iphone: koppel agenda aan bellen. Zo kun je in afspraak opgeslagen telnummer meteen aantikken en bellen. #thnx|
|irrelevant|,|cc @apple http://t.co/8TnodVS8|
|irrelevant|,|„Åï„Å£„Åç„Çπ„Éë„É´„Ç¨ÂÖàÁîü„Å®„É©„Éº„É°„É≥Â±ã„Åßmoda„Å´„Å§„ÅÑ„Å¶Ë™û„Å£„Å¶„ÅÑ„Åü@modalnho„Ç∑„Éß„Ç¶„Ç±„Éº„Çπ@apple store ÈäÄÂ∫ß Ë®òÈå≤ / starring:ichiro_|
|irrelevant|,|En @Apple mucho dise√±o pero llevo media hora esperando a mi clase que poca formalidad|
|irrelevant|,|So ya my ITunes is in Japanese???|
|irrelevant|,|„Åä„Å£„Å®„Éº„ÄÅÂá∫ÊºîËÄÖ„Ç∑„Éß„ÉÉ„Éó„Çπ„ÅåÊäú„Åë„Å¶„Åü! -- New mov: „Ç∑„Éß„Ç¶„Ç±„Éº„Çπ@apple store ÈäÄÂ∫ß Ë®òÈå≤ / starring:ichiro_|
|irrelevant|,|@Apple -Handy: @iPhone -4S-Besitzer schimpfen √ºber Netzprobleme -  http://t.co/abHuRvyc|
|irrelevant|,|@Apple erneut im Fadenkreuz - Umweltverschmutzung? @Apple -Zulieferer muss Produktion stoppen  http://t.co/aH9KgrLY|
|irrelevant|,|RT @modalnho: New mov: „Ç∑„Éß„Ç¶„Ç±„Éº„Çπ@apple store ÈäÄÂ∫ß Ë®òÈå≤ / starring:ichiro_|
|irrelevant|,|New mov: „Ç∑„Éß„Ç¶„Ç±„Éº„Çπ@apple store ÈäÄÂ∫ß Ë®òÈå≤ / starring:ichiro_|
|irrelevant|,|@GuySie Heb je gisteren Tros Radar gezien over Apple. Garantie werd niet nagekomen door @Apple en devices zeer snel kapot.|
|irrelevant|,|@Notre4Dame @apple haha no fuck that its still took sux and a half hours and i have to be up at 7|
|irrelevant|,|RT @aranzibia: Las aplicaciones m√°s populares para iPhone (v√≠a AppleWeblog) http://t.co/m68Tzn1K #iphone @apple|
|irrelevant|,|Las aplicaciones m√°s populares para iPhone (v√≠a AppleWeblog) http://t.co/m68Tzn1K #iphone @apple|
|irrelevant|,|#iOS5 op iPad 2 ge√Ønstalleerd. Tijdrovend en bepaald niet probleemloos. @Apple gaat meer en meer de #Windows kant op. ;-(|
|irrelevant|,|@Twitter CEO @DickC on @Apple|
|irrelevant|,|@Karofsky @Apple  how's that pear coming? oops i mmeant apple!|
|irrelevant|,|Por cierto @Apple|
|irrelevant|,|Welp. RT @Tree @Apple you didn't fall too far from me|
|irrelevant|,|ÿ¨Ÿáÿßÿ≤ ŸÖŸÜ ŸÉŸÑ ÿ´ŸÑÿßÿ´Ÿá ÿ™ÿ≠ŸÖŸÑ iOS 5|
|irrelevant|,|@Apple Mooi systeem hoor dat films huren|
|irrelevant|,|@Apple podr√≠a lanzar un #iPad Mini en el 2012|
|irrelevant|,|Viens de tester #ios5 sur un 3GS et franchement c'est pas mal du tout ! @apple|
|irrelevant|,|http://t.co/k8RQwXty |
|irrelevant|,|Por fin Adobe para #iOS|
|irrelevant|,|Lekkere garantie volgens #radar bij @apple. #Ned1|
|irrelevant|,|RT @IsmaelLaRosa: En la tienda de @Apple WoooooW Que legado dejaste #SteveJobs iAdmire U. Est√° Repletoooo iFull LOL|
|irrelevant|,|En la tienda de @Apple WoooooW Que legado dejaste #SteveJobs iAdmire U. Est√° Repletoooo iFull LOL|
|irrelevant|,|querida @apple|
|irrelevant|,|@MissHell23 Umm|
|irrelevant|,|Contra todo pron√≥stico @Samsung podr√≠a ser el fabricante del #chipA6 para @Apple http://t.co/6utPqa5w|
|irrelevant|,|@pnt21 „Éâ„É≥„Éû„Ç§„Éº@(„Éª‚óè„Éª)@AppleÁ§æ‰øùË®ºËñÑ„ÅÑ„Åã„ÇâÊ∞ó„Çí„Å§„Åë„Å¶„Å≠|
|irrelevant|,|Descuentos y offertas para applicaciones de @apple http://t.co/8VNd57qk #mobil|
|irrelevant|,|#MobileMe|
|irrelevant|,|RT @mpastrana: RT @apple no pasa nada|
|irrelevant|,|Se tan arruinando mis audifonos d mi #iphone @apple quien me quiere regalar unos? http://t.co/56eeE9uY|
|irrelevant|,|Asi o mas mala la #version5.0 de @apple...|
|irrelevant|,|@macworld_brasil vcs conseguiram fazer funcionar o find my Mac? O meu sempre pede para reportar o erro a @Apple !|
|irrelevant|,|&gt; 4 mln iPhones verkocht in eerste weekend: http://t.co/1pPZz1oX (via @apple)|
|irrelevant|,|&gt; 4 mln iPhones verkocht in eerste weekend: http://t.co/OP26muCr (via @apple)|
|irrelevant|,|Curso de DJ na @apple em breve|
|irrelevant|,|@dgosset @lolopb oh putain‚Ä¶ j'ai vid√© mon spam il y a peu‚Ä¶ Le mail de applecert@apple.com est dans ce qu'il reste‚Ä¶|
|irrelevant|,|http://t.co/EVItL2eO @KentStoffels @MArioMUssolini @iOS_Notch @Apple|
|irrelevant|,|¬øQui√©n dijo crisis? @Apple ha vendido 4 millones de unidades del #iPhone4S en s√≥lo tres d√≠as|
|irrelevant|,|Resultado de ventas de @apple 4millones de #iPhone4s vendidos|
|irrelevant|,|@hervepierre mdr! ouais une mauvaise exp√©rience avec les vendeurs @Apple store m'a fait hair l'iphone ;)|
|irrelevant|,|bagi yg acc USnya di disabled sama apple|
|irrelevant|,|#epicfail @apple bij upgraden naar IOS5 instellingen kwijt en ebooks verloren. het kost me dus geld zo'n upgrade|
|irrelevant|,|Hey @apple |
|irrelevant|,|@chachasikes @iphone @apple on the iphone4s???|
|irrelevant|,|@ferchowii @Adr_Mart_Com @Apple no tengo|
|irrelevant|,|ËøΩÊÇº„Ç∏„Éß„Éñ„Ç∫Ê∞è‚Ä¶@Apple Store#fb  http://t.co/V07PBNdP|
|irrelevant|,|Como puedo checar mi correo si tengo cuenta @apple.com?? :S osea no q onda con eso!! jajaja|
|irrelevant|,|RT @Leahjanell: This Moment w/ @Shyah & @DianiGroves is brought to you by @NBA @Apple @Riesling oh and http://t.co/Dp4XiDs2|
|irrelevant|,|This Moment w/ @Shyah & @DianiGroves is brought to you by @NBA @Apple @Riesling oh and http://t.co/tmQ50JRU|
|irrelevant|,|Partner with @apple. I&#39;d pay $50 for aniBulb. &quot;@washingtonpost: Would you pay $25 for this lightbulb? http://t.co/zGFsehAO&quot;|
|irrelevant|,|@chefreggie06 @rolandsmartin @Apple get ready Tampa Bay the Martin's are coming to town! Bring it on Buccaneers!|
|irrelevant|,|@heidiknyc @apple @Badog420 Cute dinner when ur back from shanghai xx|
|irrelevant|,|@apple - dette blir for dumt. http://t.co/zqKMkq91|
|irrelevant|,|ninguem desliga o 3g do celular -.- ‚Äú@giuchavez: Olha aqui @apple: na proxima atualiza√ßao eu quero um atalho pra ligar/desligar a 3g Ok ...|
|irrelevant|,|Teach Different: iTeach Therefore iAm http://t.co/yozd8HCx @apple @teachforus @teachforamerica #ipad #stevejobs|
|irrelevant|,|@Apple et je devrais arr√™ter de vous glorifier et √ßa c'est pas cool...|
|irrelevant|,|yo @Apple va falloir faire quelque chose pour l'app vid√©o. Le fait de pas pouvoir laisser la vid√©o jouer en faisant autre chose &lt;  diarrh√©e.|
|irrelevant|,|Quiero migrar @Apple!|
|irrelevant|,|O #itunes acaba de me avisar q esta dispon√≠vel a vers√£o 5 pra atualizar meu #Iphone 4. Como n√£o cair de amores pela @apple e #SteveJobs ?!!|
|irrelevant|,|@apple pratet om en versjon av iPod touch til barn. De ombestemte seg da tittelen n√¶rmet seg #iTouch Kids.|
|irrelevant|,|Olha aqui @apple: na proxima atualiza√ßao eu quero um atalho pra ligar/desligar a 3g Ok ? Aff fazem tudo pela metade !!! Steve|
|irrelevant|,|interesante por decirlo menos sabes que la c√°mara del #iphone4s le pertenece a #sony ... mmm ojal√° ande bien y no sea mala jugada de @apple|
|irrelevant|,|Oja|
|irrelevant|,|#Deal & #Schn√§ppchen Update: [iPad] iPad 1. Generation general√ºberholt ab 389 ‚Ç¨ @Apple - http://t.co/xDtdZurD|
|irrelevant|,|@ChArEnCe RaMoS @apple jane @heiMachO @tintin_Julielmo new followers..:) na follow back ko na po kayo..:)|
|irrelevant|,|[iPad] iPad 1. Generation general√ºberholt ab 389 ‚Ç¨ @Apple: Der Tablet von Apple bleibt weiterhin recht preisstab... http://t.co/h8ANhAVu|
|irrelevant|,|Kan @Apple de #tekstaanvulling op #iphone en #ipad niet omdraaien? #eigenteksteerst #weetapplehetaltijdbeter|
|irrelevant|,|[iPad] iPad 1. Generation general√ºberholt ab 389 ‚Ç¨ @Apple http://t.co/tOv1xKQ8|
|irrelevant|,|Gostaria de deixar aqui registrado meu agradecimento a @apple por preservar meu sono. As notifica√ß√µes do iOS5 n√£o apitam na madrugada ;-)|
|irrelevant|,|@HAZI „ÇØ„ÉÉ„ÇØ@apple.comÔºü|
|irrelevant|,|@Le_M_Poireau Mais moi je voudrais pas que @apple donne mon fichier @LaLibreBe. Marre d'√™tre spamm√©e par les journaux d√©sesp√©r√©s.|
|irrelevant|,|I guess I should go @hublot @apple and @ZegnaOfficial shopping next week. Birthdays only come once a year! Lol|
|irrelevant|,|ASSISTINDO O FILME CHAPA!! PIRATAS DA INFORM√ÅTICA  ESSE FILME E FODA VIVA @APPLE|
|irrelevant|,|Un abrazo a tod@s desde el @Apple Store en #NewYork. Es un honor sumarse a la gente que honra la memora y el #genio de #SteveJobs.|
|irrelevant|,|iphoneË°åÂàó‰∏¶„Çì„Å†„Éº@apple storeÈäÄÂ∫ß „Å©„ÅÆ„Åè„Çâ„ÅÑ„Åã„Åã„Çã„Åã„Å≠„ÄÇ16G„Åó„Åã„Å™„ÅÑ„Åù„ÅÜ„Åß„Åô„ÄÇ|
|irrelevant|,|New Arrivals and 70 percent off Clearance of Matching G http://t.co/qQcwyl4b@Lds @Scriptures @Apple @E @Book|
|irrelevant|,|Today very cheap for Patio Furniture San Anton http://t.co/Sd3i1bjm@Plastic @Apple @Bags|
|irrelevant|,|Causando na loja da @apple|
|irrelevant|,|Find more the best Angel Christmas Tree O http://t.co/d5G1rY5d@Starfrit @Apple @Peeler|
|irrelevant|,|Find more the best Maytag Washer Control Board deal.Check pric http://t.co/SNdkAg3e@Best @Apple @Peeler|
|irrelevant|,|Find more the best Cyst On Knee deal.Check price of best Cyst On Knee and offers now. http://t.co/qzYnNuvI@Automatic @Apple|
|irrelevant|,|Do not check other site for Uhmw Conveyor.Now you go best site of Uhmw Conveyor. http://t.co/8RMV5D2q@9 @Pin @Cable @Apple|
|irrelevant|,|Do not check other site for Ed Hardy Black Long Sl http://t.co/hengQGqp@Unlocked @Apple @Touch @Phones|
|irrelevant|,|Esperaba mas de &quot;IOS 5&quot; @Apple|
|irrelevant|,|Hello you are find Mesh Jacket Motorcycle? Our site have more Mesh http://t.co/tYg4Ualc@Ace @Hardware @Apple @Pee|
|irrelevant|,|to reiniciando meu computador. √≥ as id√©ia @apple|
|irrelevant|,|Buy more products of Hemp Jewelry Instructions now.Free ship http://t.co/928bPS4t@Lehmans @Apple @Peeler|
|irrelevant|,|@rogriffo VC Viu ontem A @Apple Estava dando IPhone 3 No Site dos estados Unidos|
|irrelevant|,|Sabias que.... RT @MkDirecto Los usuarios del #iPad desayunan y cenan con la #tableta de @Apple: http://t.co/eYXCQQmK|
|irrelevant|,|Today very cheap for Hemp For Fuel.And Free shipping for Hemp For Fuel too. http://t.co/8gyJLbMW@Farberware @Apple @Peeler|
|irrelevant|,|Discount Hemp Knots today.Cheap price too.Save money for best Hemp Knots. http://t.co/9H3jopLq@Avanti @Apple @Peeler|
|irrelevant|,|Today very cheap for 2198597 Icemaker.And Free shipping for 2198597 Icemaker too. http://t.co/6CLkWAiO@French @Apple @Peeler|
|positive|,|RT @spacecanard Today's the Day. ICS &lt;3 #android #google #samsung|
|positive|,|The new Nexus looks good! UI feel a bit confusing but I guess Android users are ok with that! Now|
|positive|,|Very nice trivia game by #Google. Helps you use their search better http://t.co/ikN087ZE|
|positive|,|Very nice trivia game by #Google. Helps you use their search better http://t.co/c5Tu3dZK #fb|
|positive|,|Cant build a website. Get a #Google website #Free ! http://t.co/7qUy4uOU|
|positive|,|#Android ICS is looking pretty good. Not quite sure if its worth the 4.0 numbering leap. #google|
|positive|,|@Tita_Ramos #Google it =)|
|positive|,|RT @p1j Android 4.0 Ice Cream Sandwich is Here with a Google Nexus in new Avtar!   http://t.co/MTu7tGx7   #android #google #nexus #BigMAMA|
|positive|,|Me too RT @MohamedG: Exciting day|
|positive|,|WOW the new #Google #Nexus is just beautiful. totally gonna boost google's market share in the smart phone market.|
|positive|,|hahaha integrated data usage manager... in sucha brilliant way|
|positive|,|I fancy an Ice Cream Sandwich #google #android. Wonder it will works on my HTC Desire?|
|positive|,|Google Ice Cream Sandwich - sounds yummy!  What do you think? http://t.co/gMsgXcq8|
|positive|,|#Google Me!!!!!!!!|
|positive|,|Exciting day|
|positive|,|Android 4.0 Ice Cream Sandwich is Here with a Google Nexus in new Avtar!   http://t.co/mSWX6Eo6   #android #google #nexus #BigMAMA|
|positive|,|@Bla1ze I was referring to #Google & #Icecreamsandwich. It looks amazing. What imo android was missing. I ... http://t.co/rE4nLZgI|
|positive|,|http://t.co/QV4m1Un9 Forget the phone.. Nice UI. Liking the Scroll Feature #android #google #nexus|
|positive|,|#Google has finally unveiled the much awaited #Android OS Ice Cream Sandwich & it sure looks good! http://t.co/sNL38EM1|
|positive|,|#google Finally!! All searches for logged in users will be on https! http://t.co/RaUeRrtF|
|positive|,|#RIM should really take an in debt look at #Google's strategy... They released the #NDK for #Icecreamsandwich 3 HOURS after release. #ics|
|positive|,|RT @vattam: Man! I've fallen in love with Galaxy Nexus! #google #samsung #galaxynexus #android|
|positive|,|[GReader Share] Five Reasons Why Google is Winning the War in Photosharing  http://t.co/coQCLb9R - #photography #fotografia #google+|
|positive|,|RT @Assim99: Dear #Google|
|positive|,|RT @shagorikah: Telegraph reports that the biggest threat to #facebook is its power users have shifted to #twitter or #google+ http://t. ...|
|positive|,|Sorry #Apple #Google and #Samsung just made you look bad. #Android is king|
|positive|,|Telegraph reports that the biggest threat to #facebook is its power users have shifted to #twitter or #google+ http://t.co/JHdTYKCV|
|positive|,|#Facebook power users 'have gone to #Google+ and #Twitter' - Telegraph http://t.co/vwCiOv1f Who are they? #socialmedia|
|positive|,|Not impressed much with the new Android update. But good signs: a readable font|
|positive|,|Video: #Google wallet|
|positive|,|When I'm about to tweet something and I cant remember how to spell I go straight to #Google|
|positive|,|Dear #Google|
|positive|,|#GOOGLE #ANDROID 4.0 out ;-) Available with #SAMSUNG nexus!|
|positive|,|Maybe not the most efficient way to browse|
|positive|,|@jowyang it's difficult to pass up #google+ considering the social seo benefits of google+ vs facebook|
|positive|,|Ice Cream Sandwich to stop carriers bullying smartphone users #google #android http://t.co/BZNy74Nn|
|positive|,|I agree with @wellis68 that the Hangouts on #Google+ are friggin' awesome!‚Äù|
|positive|,|#google #galaxynexus #icecream great|
|positive|,|Google Earth Helps Locate Salmonella Hotspots http://t.co/mcz9RSDf #google|
|positive|,|#samsung galaxy nexus = orbital laser. #apple iphone 4s = wooden stick #google|
|positive|,|Ice Cream Sandwich u r really delicious Can ditch iPhone for u that's for sure. #Google launches #Android4 aka #IceCreamSandwich :)|
|positive|,|#google+ (: lovin it|
|positive|,|Samsung and Google have closely collaborated to push the mobile experience forward. We are pleased to ... http://t.co/ecT8fYIA #Google+|
|positive|,|RT @RoycinD: FINALLY ! Power + Volume = Screenshot. No more rooting required! #Google #ICS #galaxynexus|
|positive|,|I want the new #google #galaxynexus. Android 4.0 is going to be the fucks|
|positive|,|#Google #Nexus press conference http://t.co/2WV01o5v #slick|
|positive|,|S/O to #google for getting me through high school and college....you are appreciated|
|positive|,|iScream u scream v all scream #android #IceCreamSandwich. A job well done by #google and a major game changer in the #mobile #OS space|
|positive|,|@immad_immad #google|
|positive|,|@VentureBeat I like the #google virtual bookcase thank you for sharing|
|positive|,|#Google's #IceCreamSandwich was revealed. I'm getting an #Android whenever I get a new phone|
|positive|,|#Android #Google Ice Cream Sandwich Feature Closer Look - Roboto Type Face Is A Pleasure To Read http://t.co/DJsp2G5B #DhilipSiva|
|positive|,|Fantastic work from #Samsung and #Google on the #GalaxyNexus superphone and the new #Android #ICS. Very impressive.|
|positive|,|I just add my profile on the #Google+ WebGL Globe project. Add yours ! http://t.co/lpuc3xot v√≠a @AddThis|
|positive|,|... I think I should work for #MelaleucaTheWellnessCompany ... Probably the best company to work for .. oh and #Google|
|positive|,|i love #google|
|positive|,|#Google is the best invention ever!!|
|positive|,|Can't wait for Ice Cream Sandwich. http://t.co/RtDzjq2U #android #google|
|positive|,|i need a hookup|
|positive|,|well.....#google's #icecreamsandwich and new accompanying phone are|
|positive|,|#Android #Google Device Frame Generator Updated For Galaxy Nexus - Your Screenshots Just Got Prettier http://t.co/9bWt2W6z #DhilipSiva|
|positive|,|Mmm... #SmarterPhone RT @Android: Introducing Ice Cream Sandwich|
|positive|,|So so excited for all of the new Android features! Awesomeness :) #Android #ICS #Google #GalaxyNexus|
|positive|,|#IceCreamSandwich went way and beyond what I expected. Can't wait to get it on my Nexus to play with! #Google|
|positive|,|Check this video out -- Introducing Galaxy Nexus. Simple|
|positive|,|Cream on the inside|
|positive|,|#Google+  great for small businesses? I think so. The platform has some really beneficial features. Thoughts? http://t.co/FytcyEG2|
|positive|,|RT @Mr_Lister: Loves the new presentations tool for Google Docs - particularly themes and adding video via URL #google #sd33 #edchat #ed ...|
|positive|,|brilliant WebGL Bookcase #google http://t.co/CR3A6k9U|
|positive|,|#Google's like my wife - searches things for me and completes my sentences.|
|positive|,|#Android 4.0 Ice Cream: Introducing Galaxy Nexus. Simple|
|positive|,|http://t.co/Izh7KaiU #google #nexus #prime &lt;3 #android|
|irrelevant|,|Ho come l'impressione che la recente evoluzione di #facebook abbia creato un ulteriore solco con #google+ ...la vittoria finale??|
|irrelevant|,|#YahooAnswers #Google y #Wikipedia son parte del staff de Dios|
|irrelevant|,|#Google stellt #Android 4.0 Ice Cream Sandwich offiziell vor|
|irrelevant|,|#google –æ–±—å—è–≤–∏–ª –æ–± –æ–±–Ω–æ–≤–ª–µ–Ω–∏–∏ #Nexus_S  –¥–æ #ICS . –ñ–¥–µ–º –ø–æ—Ä—Ç–∞ 4.0 –Ω–∞ #SGS .|
|irrelevant|,|RT @OliPalko: RT @ishpconsult Der langsame Tod von SEO #Google -Suche  f√ºr eingeloggte User verschl√ºsselt - http://t.co/SSdxjoWd|
|irrelevant|,|Microsoft Word - Ch 3 Solutions IE done pdf ebook:  http://t.co/h4X0gHBl #google|
|irrelevant|,|Echelon Quality Management System pdf ebook:  http://t.co/OudMwlne #google|
|irrelevant|,|Microsoft Word - Ch 3 Solutions IE done pdf ebook:  http://t.co/nZTGU900 #google|
|irrelevant|,|Echelon Quality Management System pdf ebook:  http://t.co/sPVYoB8r #google|
|irrelevant|,|#google Actualit√© Google Panda: Arriv√© pendant l'√©t√© 2011 en France|
|irrelevant|,|ahora si|
|irrelevant|,|GMusic une Google Music con Apple iOS [Apps] #Apple #Google #iOS http://t.co/k2T4ztCY|
|irrelevant|,|Das neue #Google #Galaxy #Nexus haut mich nicht so sehr vom Hocker. Ist meiner Meinung nach nur ein wenig besser als das #SGS2.|
|irrelevant|,|Samsung –∏ Google –ø—Ä–µ–¥—Å—Ç–∞–≤–∏–ª–∏ –Ω–æ–≤—ã–π —Å–º–∞—Ä—Ç—Ñ–æ–Ω Galaxy Nexus http://t.co/x1i0MXhA #samsung #google|
|irrelevant|,|Jetzt gerade angeschaut und +1t  #adwords #guide #google #adwords #guide http://t.co/S87lNq2u|
|irrelevant|,|AsiaClassifiedToday: Asian stocks rise on Europe debt plan hopes - Belleville News Democrat: ... http://t.co/RQhgAIBF #asia #google #ads|
|irrelevant|,|AsiaClassifiedToday: TH Peng Joins Grey as Chairman and CEO of Grey Greater China - MarketWat... http://t.co/Hd4pi9lM #asia #google #ads|
|irrelevant|,|AsiaClassifiedToday: YHOO Q3 Conf Call: $20.4B Asian Assets|
|irrelevant|,|AsiaClassifiedToday: AdAsia 2011: A heavy dose for the creative minds - http://t.co/ZJ9k6FW6: A... http://t.co/BVaY8XPB #asia #google #ads|
|irrelevant|,|AsiaClassifiedToday: Point Park summit reflects Asian culture - The Globe: Point Park summit ... http://t.co/fBdw211P #asia #google #ads|
|irrelevant|,|@DaphneDijkerman Wat let je om die vraag te stellen bij Blik op de weg|
|irrelevant|,|RT @oli2be: For Twitter|
|irrelevant|,|#Google no compartir√° las consultas de b√∫squedas con otros sitios web http://t.co/fNPiO6wz|
|irrelevant|,|‚Äúÿ¨Ÿàÿ¨ŸÑ‚Äù ÿ™ÿ∑ŸÑŸÇ ‚ÄúAndroid Ice Cream Sandwich‚Äù ŸàŸÖŸÅÿßÿ¨ÿ£ÿ© ŸÑŸÖÿ≥ÿ™ÿÆÿØŸÖŸä ‚ÄúAndroid 2.3‚Ä≥ @7ki3arabi http://t.co/Ytx4jHZm #google #android|
|irrelevant|,|‚Äú@rianru: #Google –∏ #Samsung –ø—Ä–µ–¥—Å—Ç–∞–≤–∏–ª–∏ –Ω–æ–≤—É—é –≤–µ—Ä—Å–∏—é –æ–ø–µ—Ä–∞—Ü–∏–æ–Ω–Ω–æ–π —Å–∏—Å—Ç–µ–º—ã - Android 4.0 Ice Cream Sandwich http://t.co/HvtFSCXz‚Äù —Å—ç–Ω–¥–≤–∏—á!?|
|irrelevant|,|–Ω—É —Å–æ–±—Å—Ç–≤–µ–Ω–Ω–æ|
|irrelevant|,|ÿ®ÿ¥ŸÉŸÑ ÿπÿßŸÖ ÿ£ÿ±Ÿâ ÿ£ŸÜŸá ŸÖÿ§ÿ™ŸÖÿ± ŸÖÿÆŸäÿ® ŸÑŸÑÿ¢ŸÖÿßŸÑ ŸÖÿ´ŸÑ ŸÖÿ§ÿ™ŸÖÿ± ÿ¢ÿ®ŸÑÿå ŸÑÿß ÿ¨ÿØŸäÿØ ŸÖŸÜ ŸÜÿßÿ≠Ÿäÿ© ÿßŸÑŸáÿßÿ±ÿØŸàŸäÿ±ÿå ŸàÿßŸÑÿ≥ŸàŸÅÿ™ŸàŸäÿ± ŸÖÿ¥ÿßÿ®Ÿá ŸÑÿ£ŸÜÿØÿ±ŸàŸäÿØ 3.0 #Samsung #Google #Android|
|irrelevant|,|RT @ishpconsult Der langsame Tod von SEO #Google -Suche  f√ºr eingeloggte User verschl√ºsselt - http://t.co/SSdxjoWd|
|irrelevant|,|#Google Phil Hellmuth and Sam Farha ‚Äì poker fight: http://t.co/vwaiQDlT ‚Äì Cost-free Poker University with... http://t.co/F9A0NJnX #wikileaks|
|irrelevant|,|RT @LoyaltyFamU: ] #money #jobs Network Accounts Submit Or Propose ur bids now http://t.co/YF8fmEaH via: #google @LoyaltyFamU|
|irrelevant|,|Salut les twittos! Un petit r√©sum√© de cet conf' ? :) #ICS #GOOGLE|
|irrelevant|,|RT @ijnetEs: Cinco herramientas de #Google que todo periodista debe conocer. http://t.co/ELypfnyG #periodismodigital|
|irrelevant|,|#Google Google Event: Ice Cream Sandwich (Caschys Blog): ... Widgets lassen sich jetzt auch unter [...] XING-Pro... http://t.co/Ozqy3UG4|
|irrelevant|,|#Google Google und Samsung stellen das Galaxy Nexus und Android Ice Cream Sandwich offiziell vor (mobiFlip.de): ... http://t.co/0cckAp5E|
|irrelevant|,|@Vusala_Abidin xeyirli ugurlu olsun.amma deyen ciddi yenilik yoxdu. #google #nexus #android|
|irrelevant|,|Le #GalaxyNexus fait bien envie... Mais bizarrement √ßa me g√™ne qu'il y soit marqu√© #Google au dos.|
|irrelevant|,|ŸÜÿ™ÿßÿ¶ÿ¨ ŸÖÿ§ÿ™ŸÖÿ± ŸÇŸàŸÇŸÑ Ÿàÿ≥ÿßŸÖÿ≥ŸàŸÜÿ¨: ÿ¨Ÿáÿßÿ≤ ÿ≥ÿßŸÖÿ≥ŸàŸÜÿ¨ ÿ¨ÿßŸÑŸÉÿ≥Ÿä ŸÜŸÉÿ≥Ÿàÿ≥ 1.2ÿØŸàŸÑ ŸÉŸàÿ± Ÿàÿ¥ÿßÿ¥ÿ© 4.65 ÿ•ÿ™ÿ¥ ÿØŸäÿå ŸÜÿ∏ÿßŸÖ ÿ™ÿ¥ÿ∫ŸäŸÑ ŸÇŸàŸÇŸÑ ÿ£ŸÜÿØÿ±ŸàŸäÿØ 4.0ÿå #Samsung #Google #Android|
|irrelevant|,|Crea #Google #librero virtual infinito : El sitio WebGL Bookcase despliega el acervo de #libros .. http://t.co/Y6E1tuvi|
|irrelevant|,|Presentado Oficialmente Android 4.0 ICS ~ ANDROIDVZLA http://t.co/adQYCOdD #android #androidvzla #google #ICS|
|irrelevant|,|RT @ishpconsult: Der langsame Tod von SEO?? #Google-Suche  f√ºr eingeloggte User verschl√ºsselt - http://t.co/OlORx2Pc #marketing  #search...|
|irrelevant|,|Just googled what it means if your eyelid twitches. Answer: your tired. I think its time for bed...thanks #Google|
|irrelevant|,|#google Jeux d‚Äô√©t√© 2012 robes du soir 57e empire: Jeux d‚Äô√©t√© 2012 robes Empire robe de soir√©e|
|irrelevant|,|#google JL ‚Äì Fashion GmbH|
|irrelevant|,|#google Tutoriel: Comment faire une fermeture √† glissi√®re de fleurs: Ce que vous avez besoin: l‚Äôaigui... http://t.co/nMmedAlW #wikileaks|
|irrelevant|,|Non mais WTF !? RT @Twikito Google passe en HTTPS|
|irrelevant|,|–ò–Ω—Ç–µ—Ä–µ—Å–Ω–æ|
|irrelevant|,|Samsung –∏ Google –ø—Ä–µ–¥—Å—Ç–∞–≤–∏–ª–∏ –Ω–æ–≤—ã–π —Å–º–∞—Ä—Ç—Ñ–æ–Ω Galaxy Nexus http://t.co/ou1aoGK6 #google #nexus #android|
|irrelevant|,|Irgendwie dann doch entt√§uschend|
|irrelevant|,|Mit einfachen Mittel gegen #Facebook & #Google+|
|irrelevant|,|U≈æ v√≠m|
|irrelevant|,|Para el que le interese saber las caracter√≠sticas del nuevo cel que me comprar√© http://t.co/4JjjCqdJ El #galaxynexus de #google|
|irrelevant|,|#Google —Å—Ç–∞–Ω–µ—Ç –µ—â–µ –±–µ–∑–æ–ø–∞—Å–Ω–µ–µ http://t.co/rXRcc1MB|
|irrelevant|,|Novedades #Google: resultados en ingl√©s traducidos y SSL por defecto para los usuarios registrados http://t.co/LCbQk2fw golpe a #Analytics|
|irrelevant|,|Hay que darse prisa en conocer el fen√≥meno web... Acabar√° en tres ... - El‚Ä¶ http://t.co/ynksEeUN #google|
|irrelevant|,|VIDEO: Een online check-out in een webwinkel in ‚ÄòIn Real Life‚Äô #google #webshop http://t.co/kGw54MaC|
|irrelevant|,|#Google kondigt #Android Ice Cream Sandwich aan http://t.co/3VT22WNY #ics|
|irrelevant|,|Zapatero (#Google): Hay que darse prisa en conocer el fen√≥meno #web|
|irrelevant|,|Der langsame Tod von SEO?? #Google -Suche  f√ºr eingeloggte User verschl√ºsselt - http://t.co/czsosVGp #socialmedia #marketing  #search #seo|
|irrelevant|,|Der langsame Tod von SEO?? #Google -Suche  f√ºr eingeloggte User verschl√ºsselt - http://t.co/1Gop6W4r #socialmedia #marketing  #search #seo|
|irrelevant|,|Galaxy Nexus: Google-Handy mit HD-Display und Android 4.0 - Heise Newsticker http://t.co/a4WBqmc9 #Google|
|irrelevant|,|AsiaClassifiedToday: Parkson to list retail arm in S$200 mln Singapore IPO-source - Reuters: Parks... http://t.co/AadDaQA7 #asia #google|
|irrelevant|,|AsiaClassifiedToday: Asia Family Offices to Triple|
|irrelevant|,|AsiaClassifiedToday: SE Asia and Singapore lead Asia Pacific region in business travel - Forimmedi... http://t.co/Jdvas9rH #asia #google|
|irrelevant|,|AsiaClassifiedToday: Parkway Novena Hospital to offer premier healthcare service in Asia - The Bor... http://t.co/50KmorZm #asia #google|
|irrelevant|,|AsiaClassifiedToday: ITB Asia opens in Singapore - eTurboNews: eTurboNewsITB Asia opens in Singapo... http://t.co/vlL4NZc6 #asia #google|
|irrelevant|,|#Google –Ω–∞—á–∞–ª –º–∞—Å—à—Ç–∞–±–Ω—É—é –∑–∞—á–∏—Å—Ç–∫—É —Å–µ—Ä–≤–∏—Å–æ–≤ http://t.co/1vRAuo8S|
|irrelevant|,|–ü–æ–∏—Å–∫ –æ—Ç #Google —Å—Ç–∞–Ω–µ—Ç –µ—â–µ –±–µ–∑–æ–ø–∞—Å–Ω–µ–µ http://t.co/Hmo2qDKO|
|irrelevant|,|Coole 2-minuten VIDEO: Een online check-out in een webwinkel in ‚ÄòIn Real Life‚Äô #google #webshop http://t.co/E4SnmZtL|
|irrelevant|,|@studiodev aha :) et qui est ce qui va remonter dans les r√©sultats #google ? :p|
|irrelevant|,|Caracter√≠sticas Samsung Galaxy Prime con Android ICS 4.0 ~ ANDROIDVZLA http://t.co/LmbrSC4Y #android #androidvzla #google #ICS|
|irrelevant|,|#google Google anuncia Galaxy Nexus com Android 4.0 http://t.co/WplTBVS3 http://t.co/WsfevVd4|
|irrelevant|,|http://t.co/RqjtztR3 // muy buen experimento de #google|
|irrelevant|,|#Google revela o Anddroi 4.0 Ice Cream Sandwich: O Google revelou hoje durante um evento em‚Ä¶ http://t.co/pfzUy1i2|
|irrelevant|,|#Samsung y #Google contraatacan a #Apple con el nuevo Nexus Prime http://t.co/xHvncznB v√≠a @cincodiascom #android #tecnolog√≠a|
|irrelevant|,|Impatient de voir arriver Ice Cream Sandwich sur mon #SGS2 :) #ics #google #samsung|
|irrelevant|,|#Digital : Google en Twitter komen niet tot een overeenkomst voor realtime-zoekdiensten - ...  #de #google #en http://t.co/cFmZOejW|
|irrelevant|,|#Tyfusverspreiding zichtbaar op #Google #Earth http://t.co/49jIucI9 #nuandroid|
|irrelevant|,|RT @twandroid: Et de 3 #fails|
